Time (s),Euler Roll (degrees),Euler Pitch (degrees),Euler Yaw (degrees),EKF Position X,EKF Position Y,EKF Position Z
0.0,-6.745609760284424,2.963714838027954,0.00750619824975729,-0.06753672931574363,-0.14410729652524754,1.25633784985871
0.020833333333333037,-6.737719535827637,2.9634225368499756,0.007482579443603754,-0.06745783601534468,-0.14372775091062037,1.2550725415971518
0.041666666666666075,-6.73163366317749,2.965710163116455,0.007384025026112795,-0.06746209242072729,-0.14340783249827116,1.253800515431779
0.0625,-6.725669860839844,2.96708083152771,0.007278224918991327,-0.06743596796172656,-0.14308946459842892,1.2525219342880363
0.08333333333333304,-6.719578266143799,2.9680819511413574,0.007177537772804499,-0.0673994656282836,-0.14277263516467978,1.2512779597488886
0.10416666666666607,-6.713185787200928,2.96893310546875,0.00709332013502717,-0.06736218194032191,-0.14245733258337845,1.2501287463258497
0.125,-6.708015441894531,2.969829559326172,0.006946212612092495,-0.06732413126083964,-0.1421764885434045,1.2489313624735463
0.14583333333333304,-6.706745624542236,2.9710280895233154,0.006603623740375042,-0.06728855223579744,-0.14200130911003875,1.247598688059371
0.16666666666666607,-6.705476760864258,2.972292423248291,0.0062818992882966995,-0.06725340258760312,-0.14182598680658762,1.2462605853279902
0.1875,-6.704281806945801,2.973590850830078,0.005956140346825123,-0.06721747551897819,-0.1416505319666128,1.2448928513800548
0.20833333333333304,-6.70372200012207,2.9750664234161377,0.0056035444140434265,-0.06718078525811351,-0.14147495489243803,1.2433990857642845
0.22916666666666607,-6.704111576080322,2.9765384197235107,0.005201228894293308,-0.06714334584000753,-0.1413298356577814,1.2419020447279239
0.25,-6.70835542678833,2.9778831005096436,0.00435305293649435,-0.06710267089484448,-0.1413034837766598,1.2404018529089844
0.27083333333333304,-6.7142815589904785,2.978001594543457,0.0032690849620848894,-0.06703748503291762,-0.14134071555723782,1.2390521761158462
0.2916666666666661,-6.719851493835449,2.977937936782837,0.0022051134146749973,-0.06697189602344955,-0.14137538526585086,1.2378072297450968
0.3125,-6.724348068237305,2.9778823852539062,0.0011989831691607833,-0.06690591361884446,-0.14138004131812126,1.2365564790862684
0.33333333333333304,-6.690902233123779,2.9781882762908936,0.002165266079828143,-0.06684031143027229,-0.14023262350481244,1.2353000808267713
0.3541666666666661,-6.657651424407959,2.981844902038574,0.0029049490112811327,-0.06687720659293035,-0.13909540084489228,1.2340381902854511
0.375,-6.62483549118042,2.9854848384857178,0.0028635612688958645,-0.06691346837676677,-0.13796909129913276,1.23277096145416
0.39583333333333304,-6.592405319213867,2.9898998737335205,0.002185660880059004,-0.06697709706871627,-0.13685358207717035,1.2314985470372628
0.4166666666666661,-6.555821418762207,2.9945735931396484,0.0017286640359088778,-0.06704038614993356,-0.13560824495598378,1.23012063897058
0.4375,-6.512960910797119,2.999279260635376,0.0016006435034796596,-0.0671018478370773,-0.13417769002663288,1.2287310503196587
0.45833333333333304,-6.470590591430664,3.0005416870117188,0.0003263755061198026,-0.06706272434363181,-0.13276138041773575,1.2273379318582984
0.4791666666666661,-6.428772926330566,3.001326560974121,-0.0011312676360830665,-0.06700933738640687,-0.13135917199081473,1.2259414185226958
0.5,-6.387385845184326,3.0021109580993652,-0.0026113283820450306,-0.06695543718831273,-0.12997092353171605,1.2245416443795616
0.520833333333333,-6.346313953399658,3.0027668476104736,-0.004107621498405933,-0.06690230608847142,-0.12859649667228334,1.2232264488086313
0.5416666666666661,-6.286988258361816,3.003170967102051,-0.004826073069125414,-0.0668516985671834,-0.12668191515974844,1.2221162530290053
0.5625,-6.170069217681885,3.0037331581115723,-0.0030169517267495394,-0.06680056417404764,-0.12303426121079848,1.2209999519635788
0.583333333333333,-6.0514607429504395,3.0042946338653564,-0.0011269691167399287,-0.06674891428573619,-0.11934052513391208,1.2198777093833313
0.6041666666666661,-5.934020042419434,3.0048487186431885,0.0007013120339252055,-0.06669676016542404,-0.11568585664804312,1.2187496876714818
0.625,-5.806296348571777,3.0054283142089844,0.003069282043725252,-0.0666441129655221,-0.11170615641423443,1.2176317642510834
0.645833333333333,-5.625998020172119,3.006147623062134,0.008200561627745628,-0.06659098373029161,-0.10605727313793505,1.2165821622101582
0.6666666666666661,-5.447453022003174,3.006397247314453,0.013208555057644844,-0.06652375253573675,-0.10046855959660167,1.2155262997307374
0.6875,-5.270598888397217,3.006377935409546,0.018676523119211197,-0.06644853019982648,-0.09493944111942478,1.2144643431637066
0.708333333333333,-5.095440864562988,3.006434440612793,0.02452509105205536,-0.06637308416464424,-0.08946935343878061,1.2133964574491316
0.7291666666666661,-4.909728050231934,3.0066123008728027,0.03092176839709282,-0.06629742294644263,-0.08365760096701537,1.2123059336305089
0.75,-4.719264507293701,3.006178140640259,0.037633541971445084,-0.06622155500237145,-0.07760341085736056,1.211584521247424
0.770833333333333,-4.532924652099609,3.00531005859375,0.04636148363351822,-0.06614829640747256,-0.07161400366260655,1.2111788844437406
0.7916666666666661,-4.348522663116455,3.0119669437408447,0.05498906224966049,-0.06631205182196054,-0.06568921241487602,1.2107608356221007
0.8125,-4.173332214355469,3.018616199493408,0.06314599514007568,-0.06647434086169071,-0.06008057903176744,1.2103305967438778
0.833333333333333,-4.009908676147461,3.0221471786499023,0.07069379091262817,-0.06663396225503981,-0.054537264946106584,1.2114834997405604
0.8541666666666661,-3.8484020233154297,3.025564432144165,0.0792795792222023,-0.06679094594762112,-0.04905376812092348,1.2126768473948009
0.875,-3.6698668003082275,3.029025077819824,0.09032675623893738,-0.06694532146257016,-0.0429376907803816,1.2138415778372824
0.895833333333333,-3.4650633335113525,3.0271754264831543,0.10276030749082565,-0.06691417949630772,-0.03584851084587227,1.2149780492080955
0.9166666666666661,-3.260906457901001,3.0250110626220703,0.11513081938028336,-0.06685905701819647,-0.02883526969274057,1.2159403123508388
0.9375,-3.056509494781494,3.0232927799224854,0.1294184774160385,-0.06680350764336122,-0.02189731617394625,1.2166067780897507
0.958333333333333,-2.850994110107422,3.0215320587158203,0.14412665367126465,-0.06674754217630322,-0.014916884198163607,1.2172502541058334
0.9791666666666661,-2.6402673721313477,3.019284725189209,0.1590937227010727,-0.06667360538535143,-0.007742948580646575,1.217871046926265
1.0,-2.4314775466918945,3.0118038654327393,0.17438440024852753,-0.06642051955142192,-0.0006462970441411503,1.2184694594819125
1.020833333333333,-2.224533796310425,2.9929685592651367,0.19081886112689972,-0.06577947827245026,0.006373712357246972,1.2190457911916415
1.041666666666666,-2.02075457572937,2.9741604328155518,0.2070179283618927,-0.0651439281785272,0.01331771189494497,1.2197389152201994
1.0625,-1.822938323020935,2.955166816711426,0.22284230589866638,-0.06451383491345682,0.020186324453170493,1.220889640414427
1.083333333333333,-1.6241108179092407,2.9437339305877686,0.23911204934120178,-0.06414413483688422,0.027093659452747443,1.2219913924423338
1.104166666666666,-1.412136197090149,2.9361026287078857,0.25838950276374817,-0.06390197573328743,0.034525293176448715,1.2230663302436737
1.125,-1.2329905033111572,2.9284262657165527,0.2759639620780945,-0.06366142908794159,0.04069194023584037,1.224064421499747
1.145833333333333,-1.0715237855911255,2.9211299419403076,0.2926105260848999,-0.06342248984509814,0.04607556795777945,1.224633456563212
1.166666666666666,-0.9116659760475159,2.9133827686309814,0.3091542422771454,-0.06317054104061472,0.05139846103082183,1.225181102541998
1.1875,-0.7555897831916809,2.8991611003875732,0.32547610998153687,-0.06270221697892597,0.05658305095731722,1.2257076438597554
1.208333333333333,-0.6571626663208008,2.8846683502197266,0.3389030992984772,-0.06223775796650746,0.05976859783439347,1.2262133619357953
1.229166666666666,-0.5555693507194519,2.8711185455322266,0.35565638542175293,-0.061777144015813704,0.0629145070296119,1.2258816659272838
1.25,-0.4509742558002472,2.8582816123962402,0.37406066060066223,-0.06132035545393455,0.06602111960388592,1.2247327868975262
1.270833333333333,-0.3705211877822876,2.845668077468872,0.39288994669914246,-0.06086737291016805,0.06838675729202395,1.2235795749249614
1.291666666666666,-0.31856364011764526,2.8331496715545654,0.4102819859981537,-0.06041817730388094,0.06988200657034603,1.2224221981609573
1.3125,-0.2624896466732025,2.804730176925659,0.4281010627746582,-0.059497196087518155,0.07135375331739124,1.2197176202762725
1.333333333333333,-0.2060624659061432,2.775115489959717,0.44621312618255615,-0.05854713017009178,0.07280222965299996,1.2168877289394249
1.354166666666666,-0.15016764402389526,2.74548602104187,0.46425914764404297,-0.05760568596635968,0.0742276652224236,1.214070181413202
1.375,-0.09421508014202118,2.7161431312561035,0.48229455947875977,-0.056672815415178074,0.07563028726049964,1.2110781068842802
1.395833333333333,-0.03765270113945007,2.678805351257324,0.4988168478012085,-0.0555345346272045,0.07701032065385885,1.2077301261093265
1.416666666666666,0.024687224999070168,2.64011287689209,0.5152413249015808,-0.05436081037555273,0.07853502913212997,1.2043999591636139
1.4375,0.09597613662481308,2.600125551223755,0.5320034027099609,-0.053197970748745126,0.08027437580110844,1.2010876389641256
1.458333333333333,0.16741140186786652,2.5597336292266846,0.5486682057380676,-0.052045955788652724,0.08193706468103719,1.1974050413668629
1.479166666666666,0.2444288432598114,2.510659694671631,0.5655070543289185,-0.05071341960161861,0.08357472344785795,1.1925104657808139
1.5,0.320441871881485,2.432126760482788,0.582216203212738,-0.04869615850698272,0.08518758477998571,1.1876490414860046
1.520833333333333,0.3960944712162018,2.354367733001709,0.5988061428070068,-0.04669785641021114,0.08677587915435925,1.1828207184182666
1.541666666666666,0.4731232225894928,2.2773847579956055,0.6147965788841248,-0.044718411309419566,0.08833983490424069,1.1780254471456106
1.5625,0.5487179160118103,2.167587995529175,0.6274341344833374,-0.04198767999537252,0.08987967827516632,1.1732631787843468
1.583333333333333,0.6203492879867554,2.036702871322632,0.6394528150558472,-0.0388335604256056,0.09132051002719763,1.1684381119327478
1.604166666666666,0.6636666655540466,1.899442195892334,0.6503215432167053,-0.03570927673739259,0.09202184846871021,1.1627335495139242
1.625,0.6824100613594055,1.745160460472107,0.660321831703186,-0.03253831878397357,0.09217492036803691,1.1556834849217563
1.645833333333333,0.6820077896118164,1.50043785572052,0.6696721315383911,-0.027839046556182894,0.09189821951374046,1.1475963525948083
1.666666666666666,0.6815982460975647,1.2566121816635132,0.6790439486503601,-0.02318419020385964,0.09161449032800302,1.1395740033861457
1.6875,0.6811617612838745,1.0150861740112305,0.6884405016899109,-0.018573527018055196,0.09132387062136489,1.1316157468486034
1.708333333333333,0.6809806823730469,0.7452861666679382,0.697879433631897,-0.014006835826261377,0.0910264969826865,1.1222753724325187
1.729166666666666,0.6504174470901489,0.41527578234672546,0.7078596949577332,-0.008134782828933358,0.09019586140055266,1.1129742146199997
1.75,0.5658105611801147,0.08533541858196259,0.7173168659210205,-0.002248624388857211,0.08842387662212416,1.1037505564379324
1.770833333333333,0.46168190240859985,-0.23950603604316711,0.7266029119491577,0.003581331005063152,0.08628152428483567,1.0946313326641068
1.791666666666666,0.3588424324989319,-0.560451090335846,0.7365350723266602,0.009355355769780836,0.0841496545816089,1.0856310983367836
1.8125,0.25683310627937317,-0.8790099024772644,0.7470682263374329,0.01507372094062744,0.08202832601393688,1.0767069637951168
1.833333333333333,0.13895541429519653,-1.1938550472259521,0.758514940738678,0.020736696268259684,0.07960897088901503,1.0678586760055753
1.854166666666666,0.026492921635508537,-1.5487587451934814,0.7697234749794006,0.027473875037493035,0.07714035006218764,1.0590859823755707
1.875,-0.08222133666276932,-1.9171485900878906,0.7812018394470215,0.03460605522029001,0.07468577999919024,1.0503886306272152
1.895833333333333,-0.16827493906021118,-2.3009772300720215,0.792089581489563,0.04218025589130054,0.07261317267032899,1.0417663686753211
1.916666666666666,-0.19632373750209808,-2.681427001953125,0.8011376857757568,0.049681336330868145,0.07167088866566992,1.0334072086134851
1.9375,-0.22118140757083893,-3.0149381160736084,0.8101658821105957,0.05717939509489393,0.07072946105443026,1.027047838236593
1.958333333333333,-0.24487341940402985,-3.3424108028411865,0.8171591758728027,0.0648848131928207,0.06978897814245284,1.021259863449612
1.979166666666666,-0.2683485448360443,-3.665860176086426,0.8233543634414673,0.07251499741710414,0.068849527245184,1.0155225255350817
1.9999999999999991,-0.2920190393924713,-3.986020803451538,0.8297197818756104,0.08007029438384997,0.0679111946851134,1.0098356568544282
2.020833333333333,-0.31785455346107483,-4.30440616607666,0.8359085917472839,0.08758787492029257,0.06697406578925628,1.004199089402815
2.041666666666666,-0.3429053723812103,-4.629591941833496,0.8392584919929504,0.09535195417106129,0.0660382248866871,0.9986126547450318
2.062499999999999,-0.36776575446128845,-4.9518818855285645,0.8427822589874268,0.10303901195962646,0.0651037553061349,0.9930761839540125
2.083333333333333,-0.39079350233078003,-5.270783424377441,0.846419632434845,0.11064940376109228,0.06417073937364608,0.987613162454773
2.104166666666666,-0.40997403860092163,-5.569973468780518,0.8499745726585388,0.11818348491596559,0.06326343844458697,0.9829477959940746
2.124999999999999,-0.34653687477111816,-5.855067729949951,0.8454057574272156,0.12564161071247512,0.06440134877692531,0.9788121294824678
2.145833333333333,-0.3069983422756195,-6.125226020812988,0.8430196642875671,0.13302413646513112,0.06495670069703695,0.9752103685627643
2.166666666666666,-0.268280953168869,-6.392782211303711,0.8405522108078003,0.1403314175895928,0.06548942381969927,0.971642315317529
2.187499999999999,-0.2307882159948349,-6.67837381362915,0.8380371332168579,0.14828853043350937,0.06601095601004318,0.9681078439080193
2.208333333333333,-0.19357739388942719,-6.956344127655029,0.8353712558746338,0.15614210525993277,0.06652141421351787,0.9646068279937913
2.229166666666666,-0.1424267292022705,-7.2198333740234375,0.8308424949645996,0.1639153649300051,0.06743461891772136,0.9617635432698598
2.249999999999999,-0.09266353398561478,-7.453881740570068,0.8215684294700623,0.17160868355419684,0.06838610240369608,0.9605578458457559
2.270833333333333,-0.045268673449754715,-7.668323993682861,0.8109588027000427,0.17922243584340583,0.06932279070210755,0.9604201174784054
2.291666666666666,0.0022073201835155487,-7.878059387207031,0.8001084327697754,0.18675699716758565,0.07024480910622086,0.9602866912929539
2.312499999999999,0.04847272112965584,-8.08573055267334,0.7894223928451538,0.19421274361088445,0.07109455348361804,0.960157514778667
2.333333333333333,0.08917271345853806,-8.28900146484375,0.7793870568275452,0.20159005202336916,0.07178146883928725,0.9602066076809488
2.354166666666666,0.12986570596694946,-8.481461524963379,0.7679309248924255,0.20858521115813627,0.07245588121557943,0.9603111340152362
2.374999999999999,0.17004112899303436,-8.655637741088867,0.7559865117073059,0.2149287917075254,0.07309777289200987,0.9604177882130438
2.395833333333333,0.20900681614875793,-8.775557518005371,0.744193971157074,0.2193985860465309,0.07365052915471289,0.9605102124416619
2.416666666666666,0.2479155957698822,-8.895139694213867,0.7323738932609558,0.22381468161377266,0.0741919778880547,0.9605320608880694
2.437499999999999,0.27597567439079285,-9.011680603027344,0.7220910787582397,0.22817740608269185,0.07441683778060341,0.960556669324851
2.458333333333333,0.23665344715118408,-9.123979568481445,0.7216339111328125,0.2324870870507212,0.07267647007066837,0.9605839909989328
2.479166666666666,0.19793879985809326,-9.233085632324219,0.7212163805961609,0.23667835938723997,0.07094464766767963,0.9606139795405112
2.499999999999999,0.1589135080575943,-9.316079139709473,0.7209049463272095,0.24003031281247184,0.06922144240087982,0.9606465889615501
2.520833333333333,0.11918340623378754,-9.349922180175781,0.7206764221191406,0.24189321687934603,0.06750692449082964,0.9606817736543474
2.541666666666666,0.07713019102811813,-9.383380889892578,0.7208593487739563,0.24372413380632565,0.06572436245288774,0.9607194883901803
2.562499999999999,0.033065807074308395,-9.416345596313477,0.721386194229126,0.24552335136388728,0.06388250844067854,0.9607596883180035
2.583333333333333,-0.010801998898386955,-9.41955280303955,0.7205623388290405,0.24644591142432187,0.06205079135267432,0.9608023289631977
2.604166666666666,-0.054728273302316666,-9.389703750610352,0.7197243571281433,0.24642730816671402,0.060229272560320644,0.9608473662263917
2.624999999999999,-0.09280156344175339,-9.350748062133789,0.7178517580032349,0.2463929513960574,0.05841801175405593,0.9628836361647584
2.645833333333333,-0.11762113124132156,-9.309837341308594,0.7133699655532837,0.24634309673663468,0.057076501750271735,0.9652005303811128
2.666666666666666,-0.12082117050886154,-9.198599815368652,0.7040851712226868,0.2440434245763342,0.05640937529790436,0.9675155959803169
2.687499999999999,-0.12612983584403992,-9.080160140991211,0.6931337118148804,0.241485407751559,0.05566753578002984,0.9698132752169719
2.708333333333333,-0.13574731349945068,-8.962989807128906,0.6828079223632812,0.23893394312913827,0.05479265933545476,0.9720935624908774
2.729166666666666,-0.14661526679992676,-8.844944953918457,0.6726335287094116,0.23638924157800453,0.05392051196974327,0.9730499169240572
2.749999999999999,-0.15767815709114075,-8.725499153137207,0.6624600887298584,0.23385151049584635,0.053051158184378396,0.9737192378591844
2.770833333333333,-0.20029781758785248,-8.606504440307617,0.6564084887504578,0.2313209538178681,0.05127997115397941,0.9743846657432879
2.791666666666666,-0.25222834944725037,-8.488561630249023,0.6499185562133789,0.22879777202601562,0.04925710446813767,0.9750461800032731
2.8125,-0.3083204925060272,-8.371339797973633,0.6439719796180725,0.22628216215866465,0.04724713311815748,0.9751833497413269
2.833333333333332,-0.37214457988739014,-8.253599166870117,0.6405678987503052,0.2237743178207918,0.04525010201255906,0.97342327822172
2.854166666666666,-0.4354653060436249,-8.137212753295898,0.6369193196296692,0.22127442919460433,0.04326605418426103,0.9716797592719612
2.875,-0.4962647557258606,-7.940309524536133,0.6327434778213501,0.2166002545416605,0.04129503079788976,0.9700993492792335
2.895833333333332,-0.5486639142036438,-7.676876068115234,0.6280161142349243,0.2097990685627621,0.03941146650742919,0.9694126309328239
2.916666666666666,-0.580024003982544,-7.39725399017334,0.6207814812660217,0.20245567305744727,0.038091460707517226,0.9687336396092732
2.9375,-0.6408675312995911,-7.121884346008301,0.6173191070556641,0.19516260909754332,0.035891673181549344,0.9680623370437902
2.958333333333332,-0.7226384878158569,-6.85402774810791,0.6160090565681458,0.1879199923757463,0.03307375473009499,0.9677892278690274
2.979166666666666,-0.8019632697105408,-6.576373100280762,0.6139064431190491,0.18019860738926918,0.030276615684835244,0.9678278609144697
3.0,-0.879981279373169,-6.288078784942627,0.611230731010437,0.1720732944137227,0.02749539258792853,0.9678681697047847
3.020833333333332,-0.9789106845855713,-6.003960132598877,0.6103696227073669,0.16400708079386164,0.024076162932886846,0.9679101221000482
3.041666666666666,-1.0796891450881958,-5.720151424407959,0.6095042824745178,0.15600004550313923,0.020677528177032323,0.9677405495525491
3.0625,-1.1810333728790283,-5.43626070022583,0.6086403727531433,0.14805226013304307,0.017305391388221045,0.967327693192187
3.083333333333332,-1.2806967496871948,-5.14483118057251,0.6076783537864685,0.13980497736452524,0.013959757906617264,0.9669202621469511
3.104166666666666,-1.376906156539917,-4.855232238769531,0.6060972809791565,0.13159174366523282,0.010640630154342573,0.966518221242003
3.125,-1.4719197750091553,-4.56845760345459,0.6038001775741577,0.1234411908780041,0.007348007657354245,0.9661215352281071
3.145833333333332,-1.565832257270813,-4.248445987701416,0.6007150411605835,0.11415705064553062,0.004081887067954218,0.9653008849284774
3.166666666666666,-1.6647865772247314,-3.917707920074463,0.5974778532981873,0.1047428776513312,0.000794613250982277,0.9636684760830275
3.1875,-1.766344666481018,-3.5903139114379883,0.5938258171081543,0.09540324641078947,-0.002567302240691151,0.9620542114110084
3.208333333333332,-1.8703428506851196,-3.239947557449341,0.5896750092506409,0.08505197621942064,-0.006106034510424905,0.9604613250040919
3.229166666666666,-1.9901925325393677,-2.8880531787872314,0.585716962814331,0.07448372553113691,-0.010164662995792384,0.9588840414182437
3.25,-2.087770938873291,-2.5387020111083984,0.5800325274467468,0.06400165543300518,-0.0135282610578132,0.9573223131990711
3.270833333333332,-2.177244186401367,-2.1903765201568604,0.5733715295791626,0.05360573547366406,-0.016625471293840944,0.9557101405902126
3.291666666666666,-2.2652831077575684,-1.8380334377288818,0.5662801265716553,0.042995263852215616,-0.01969625544874179,0.9540872185047314
3.3125,-2.3476200103759766,-1.4578169584274292,0.5593603849411011,0.03105697374229875,-0.022707768554507294,0.9524804809939471
3.333333333333332,-2.4237594604492188,-1.080029845237732,0.5518186092376709,0.019219091047562795,-0.025508413254086672,0.950889875801504
3.354166666666666,-2.5030694007873535,-0.7052217721939087,0.5442915558815002,0.00748153761927297,-0.02828454652656523,0.9493153495895501
3.375,-2.5817699432373047,-0.33329135179519653,0.5370226502418518,-0.004155775146469898,-0.031036202014431705,0.947756847953541
3.395833333333332,-2.66233491897583,0.035469405353069305,0.5297285318374634,-0.015634956215174117,-0.03383889053701096,0.9462191663210684
3.416666666666666,-2.7461700439453125,0.37818998098373413,0.5219156742095947,-0.02601271601932437,-0.03667405840134007,0.9447811642053964
3.4375,-2.829617738723755,0.7219713926315308,0.5136235952377319,-0.036310682733637856,-0.03948374969443137,0.9431154155730166
3.458333333333332,-2.9110567569732666,1.0867135524749756,0.5064317584037781,-0.047468622784654614,-0.04226800808004351,0.9412421634052582
3.479166666666666,-2.991825580596924,1.4481815099716187,0.4987449645996094,-0.05853261884711014,-0.045026879578796024,0.9393878191764379
3.5,-3.0719618797302246,1.806638240814209,0.4905615448951721,-0.0694978851135362,-0.04776041253871897,0.9375523203975074
3.520833333333332,-3.1468515396118164,2.1557722091674805,0.48283857107162476,-0.08063761223770462,-0.05046865760551457,0.936511484177691
3.541666666666666,-3.222489595413208,2.508519172668457,0.4756794273853302,-0.09204829860481813,-0.053239746785292044,0.9355370323717975
3.5625,-3.3009800910949707,2.8552329540252686,0.468073308467865,-0.10335536031838802,-0.05609641375800484,0.9345742916942744
3.583333333333332,-3.3834619522094727,3.198167085647583,0.45978546142578125,-0.11455898445992897,-0.0590973961103987,0.9336231991922017
3.604166666666666,-3.465200185775757,3.5381569862365723,0.45103487372398376,-0.12565936782146384,-0.062070217974751596,0.9326836914596647
3.625,-3.5462889671325684,3.8752212524414062,0.44182631373405457,-0.1366567167740543,-0.06501494295045715,0.9317557046490581
3.645833333333332,-3.627690076828003,4.209372043609619,0.43217435479164124,-0.147551247135486,-0.0679316371005466,0.9308391744824406
3.666666666666666,-3.7114038467407227,4.528946399688721,0.4232867956161499,-0.1579320810482599,-0.07082036891602231,0.9299885457754817
3.6875,-3.792304277420044,4.833540439605713,0.4146972596645355,-0.1677948966693667,-0.0736066838001393,0.929307799802638
3.708333333333332,-3.867051839828491,5.1131134033203125,0.40674880146980286,-0.17658386033237744,-0.07611803899929803,0.9286365323317057
3.729166666666666,-3.954665184020996,5.392226219177246,0.3972872793674469,-0.18528605905165657,-0.07898812748818507,0.9277393635258027
3.75,-4.049001693725586,5.680454730987549,0.3865017294883728,-0.19390174580846029,-0.08199815964333128,0.9260931641826562
3.770833333333332,-4.144831657409668,5.959140300750732,0.3749616742134094,-0.20195649041761007,-0.08497868936661321,0.924142900115983
3.791666666666666,-4.238170623779297,6.227863788604736,0.36331066489219666,-0.20967072894132158,-0.08785563486937695,0.9222128432741233
3.8125,-4.310420513153076,6.496008396148682,0.3536021411418915,-0.21730537148780224,-0.09010932756413742,0.9203134150059026
3.833333333333332,-4.381267070770264,6.759849548339844,0.3442195951938629,-0.2248606948936017,-0.09233935166500058,0.9185443167695313
3.854166666666666,-4.449886322021484,7.021238803863525,0.3347925543785095,-0.23233698169327247,-0.09454579476148421,0.9167941990681717
3.875,-4.527347564697266,7.279099464416504,0.32393741607666016,-0.23973452001499315,-0.09704537210685749,0.9150629866256592
3.895833333333332,-4.615774154663086,7.533587455749512,0.311570942401886,-0.2470536034761254,-0.09980248287921996,0.9133465460029286
3.916666666666666,-4.7053961753845215,7.784491539001465,0.29900062084198,-0.2542945310787517,-0.10253128108602697,0.9116448907439402
3.9375,-4.796096324920654,8.013705253601074,0.28626707196235657,-0.2607995766603824,-0.10523186273357679,0.9099619748407356
3.958333333333332,-4.904496192932129,8.23593807220459,0.27088963985443115,-0.26720985083726856,-0.10844354729199009,0.9082977182476717
3.979166666666666,-5.015857219696045,8.425466537475586,0.25460338592529297,-0.2725122956723567,-0.11165548054328732,0.9066520397866477
4.0,-5.128668785095215,8.585466384887695,0.23777952790260315,-0.27690059550725177,-0.11483473151358693,0.9050248571716095
4.020833333333332,-5.2438764572143555,8.702714920043945,0.22046072781085968,-0.2800119020073115,-0.1179814065200774,0.9034160870330017
4.041666666666666,-5.338409900665283,8.813374519348145,0.2060970813035965,-0.28307852315192883,-0.12069164376085165,0.9023271830880781
4.0625,-5.401616096496582,8.92263126373291,0.1963692009449005,-0.28610077679742374,-0.12257250192660987,0.901424440369962
4.083333333333332,-5.4638752937316895,8.998387336730957,0.1862090826034546,-0.2882259539941166,-0.12443115178804212,0.9007145324963324
4.104166666666666,-5.5253496170043945,9.065823554992676,0.1759006232023239,-0.29010013636510995,-0.12626770603287768,0.900015581822591
4.125,-5.599466323852539,9.131851196289062,0.16344191133975983,-0.2919397993839316,-0.12846100694689488,0.8993275032925726
4.145833333333332,-5.718947410583496,9.189645767211914,0.14403954148292542,-0.29358663675192864,-0.13183351622231887,0.898650211785866
4.166666666666666,-5.8380866050720215,9.226029396057129,0.1243840754032135,-0.29462243243348557,-0.1351710896992129,0.8979836221288846
4.1875,-5.955560207366943,9.260000228881836,0.10425801575183868,-0.2956307968415129,-0.13847384830182538,0.8973882152149355
4.208333333333332,-6.049674987792969,9.290902137756348,0.08804644644260406,-0.29661204322866447,-0.1412091090693257,0.8971047750915492
4.229166666666666,-6.0236358642578125,9.319788932800293,0.09140327572822571,-0.2975664834009444,-0.1407213070507735,0.8972840366368259
4.25,-5.997411251068115,9.345475196838379,0.09389903396368027,-0.2984944277004659,-0.14023009474475384,0.8977325575753518
4.270833333333332,-5.901659965515137,9.372329711914062,0.10706222057342529,-0.29939618498855286,-0.137813081242744,0.898182334141183
4.291666666666666,-5.756751537322998,9.387773513793945,0.12825344502925873,-0.2999542983098441,-0.13403666313597412,0.898695710643576
4.3125,-5.618743896484375,9.385968208312988,0.14830143749713898,-0.300228816393512,-0.13028462923527107,0.9004844614346685
4.333333333333332,-5.481664657592773,9.37038803100586,0.16807514429092407,-0.3000425946770414,-0.12655708866984433,0.9022630922237332
4.354166666666666,-5.345901012420654,9.35605239868164,0.18789803981781006,-0.29983957051114113,-0.12285414556479102,0.9040315275994923
4.375,-5.213837623596191,9.338493347167969,0.20704129338264465,-0.29962036061763014,-0.11917589910183492,0.9064282096884302
4.395833333333332,-5.078936576843262,9.317689895629883,0.22778882086277008,-0.2993852605529403,-0.11530292685697757,0.909548229649411
4.416666666666666,-4.9361772537231445,9.29897403717041,0.25112268328666687,-0.2991345632216161,-0.11117673269875512,0.9126463758520655
4.4375,-4.762218952178955,9.281227111816406,0.2793266773223877,-0.29886855887875674,-0.10600688772540297,0.9157225863181804
4.458333333333332,-4.584586143493652,9.254480361938477,0.30787864327430725,-0.29827600045043484,-0.10075975704089254,0.9186812183192349
4.479166666666666,-4.40836763381958,9.224085807800293,0.33607444167137146,-0.29754124570244167,-0.09555179153855718,0.921605432754804
4.5,-4.223056793212891,9.189264297485352,0.3655816912651062,-0.2966291103198769,-0.09001512532057505,0.9245084540562877
4.520833333333332,-4.016824245452881,9.155120849609375,0.3994289040565491,-0.2957078639629405,-0.0837367969425803,0.9273902353501503
4.541666666666666,-3.812443256378174,9.121798515319824,0.43543922901153564,-0.29477778176422703,-0.07750739939559888,0.9302769603649856
4.5625,-3.6102094650268555,9.086041450500488,0.4730088710784912,-0.29373210176424397,-0.0713269767261257,0.9332125835803348
4.583333333333332,-3.4098427295684814,9.05041790008545,0.5107482075691223,-0.29264507929883715,-0.06519556568655266,0.9361260429552628
4.604166666666666,-3.212127685546875,9.015850067138672,0.5480040907859802,-0.2915512001262874,-0.05911319584193368,0.9390173059490236
4.625,-3.011406660079956,8.976821899414062,0.5860575437545776,-0.29030121266579584,-0.052899927068779724,0.9418863435371103
4.645833333333332,-2.8096206188201904,8.916915893554688,0.6259942054748535,-0.28834175939451967,-0.04665539237183142,0.9447331301609969
4.666666666666666,-2.6098530292510986,8.857409477233887,0.6654027104377747,-0.2863833324109122,-0.0404621245715633,0.9475576436780372
4.6875,-2.4120683670043945,8.798471450805664,0.7042896747589111,-0.2844261818009117,-0.03432012489841402,0.9503598653115796
4.708333333333332,-2.2165026664733887,8.744061470031738,0.7425950765609741,-0.28258491028394284,-0.02822938763923893,0.9531588225098413
4.729166666666666,-2.0248358249664307,8.692717552185059,0.7801145911216736,-0.28082342741333455,-0.022189900245924755,0.956157925563164
4.75,-1.842507243156433,8.642181396484375,0.8168555498123169,-0.2790623366323092,-0.016420564418686938,0.9591326884088807
4.770833333333332,-1.6642237901687622,8.59306526184082,0.8533475399017334,-0.2773018716916837,-0.010884468259894989,0.9617148127975369
4.791666666666666,-1.4850654602050781,8.544840812683105,0.8898196220397949,-0.27554083585815264,-0.005396191833844128,0.9639350562983748
4.8125,-1.3074443340301514,8.47048568725586,0.9258963465690613,-0.27293286252600835,4.4302765004474085e-05,0.9661368541216868
4.833333333333332,-1.1743755340576172,8.394335746765137,0.9552181363105774,-0.27031675538987915,0.004027700574515923,0.9683202093071129
4.854166666666666,-1.0445568561553955,8.318912506103516,0.9838866591453552,-0.26770937777233744,0.007914371204636332,0.970485127347206
4.875,-0.9159123301506042,8.244160652160645,1.0135138034820557,-0.2651109418699255,0.011765644445212067,0.9726316161479979
4.895833333333332,-0.7885453104972839,8.165325164794922,1.0448229312896729,-0.2624001978048247,0.015407661268630192,0.9739354766415919
4.916666666666666,-0.6629052758216858,8.08707046508789,1.0756803750991821,-0.25968433057307844,0.01872656760886959,0.9738568643170966
4.9375,-0.5320731997489929,8.010138511657715,1.1071919202804565,-0.256979153548463,0.0220141143017043,0.9727946915905381
4.958333333333332,-0.4012739956378937,7.933206081390381,1.1392021179199219,-0.2542848601008182,0.025270368620053843,0.9715519640420839
4.979166666666666,-0.2718702554702759,7.864937782287598,1.1710076332092285,-0.2518406412050903,0.028495400993956543,0.970318899299283
5.0,-0.14034788310527802,7.800224781036377,1.202945590019226,-0.24946876867174828,0.03168928495072701,0.9687068342161559
5.020833333333332,2.054403921647463e-05,7.73391580581665,1.235644817352295,-0.24701361295607324,0.03485209705555599,0.9659738644988102
5.041666666666666,0.14573131501674652,7.654644012451172,1.2680623531341553,-0.24426177914651143,0.03814906350609522,0.9632632559169251
5.0625,0.24826009571552277,7.573925495147705,1.2945711612701416,-0.24152253392083983,0.04044188216831225,0.9605750105541352
5.083333333333332,0.33104798197746277,7.4934539794921875,1.3181805610656738,-0.23879604413374106,0.0422566225614547,0.9579091274093541
5.104166666666666,0.4133325517177582,7.413746356964111,1.3415976762771606,-0.23608247215895317,0.04405112183484584,0.9552656024464689
5.125,0.490599125623703,7.334689617156982,1.3642079830169678,-0.23338197593931323,0.045728979989005866,0.9526142949216747
5.145833333333332,0.5326375961303711,7.250707149505615,1.382235050201416,-0.23058280000639372,0.0466140779880206,0.9499673808578891
5.166666666666666,0.5747841596603394,7.1157732009887695,1.3996540307998657,-0.22662097456568553,0.047486446538744995,0.9473431975185633
5.1875,0.6163344383239746,6.9640727043151855,1.4171102046966553,-0.22226133973335402,0.048346176051882135,0.9447417291060162
5.208333333333332,0.6573056578636169,6.799170970916748,1.4345099925994873,-0.21758640790472686,0.049193357178501096,0.942162956978062
5.229166666666666,0.6978022456169128,6.635551452636719,1.4517678022384644,-0.21294237339098146,0.05002808079377089,0.9396068596966208
5.25,0.7422537207603455,6.463666915893555,1.4694334268569946,-0.2083293618117479,0.0508504379809128,0.9358334399086322
5.270833333333332,0.7626721858978271,6.1904802322387695,1.4838716983795166,-0.20183199725199205,0.051152300420875416,0.9307471512580456
5.291666666666666,0.750723659992218,5.914300441741943,1.4947056770324707,-0.19531571600901054,0.050838756773888646,0.9257049861497979
5.3125,0.7388318777084351,5.640531539916992,1.5056103467941284,-0.18884729440376188,0.05052241032383786,0.9207069068061448
5.333333333333332,0.730793297290802,5.356664180755615,1.5165890455245972,-0.18242682793607398,0.05020335042373607,0.9150356118594895
5.354166666666666,0.6831765174865723,5.074878692626953,1.5239908695220947,-0.17605440396916244,0.04916955223025066,0.9093300363105273
5.375,0.6341403722763062,4.781113147735596,1.5315098762512207,-0.16939776348348168,0.048095789390878114,0.9036750741928565
5.395833333333332,0.5937015414237976,4.461596488952637,1.539818286895752,-0.16213361833318113,0.04714899213121277,0.8981045271161396
5.416666666666666,0.5557464361190796,4.14504861831665,1.5478761196136475,-0.15492598053641665,0.04620509031751792,0.892659068353184
5.4375,0.5229552984237671,3.830742120742798,1.5562098026275635,-0.14777490408148178,0.04526416518853838,0.8872631168596956
5.458333333333332,0.48688948154449463,3.5189976692199707,1.564676284790039,-0.14068043431980573,0.04425972763560959,0.8819165944332445
5.479166666666666,0.4523433446884155,3.2101166248321533,1.5717793703079224,-0.13364260810119596,0.043236939335834806,0.8766194173900005
5.5,0.41996797919273376,2.886699914932251,1.5781149864196777,-0.1261764597812412,0.04221809883057438,0.8713714966661106
5.520833333333332,0.3920442759990692,2.494152307510376,1.582973837852478,-0.1167186577361452,0.04120328025286883,0.8661727379182199
5.541666666666666,0.3694759011268616,2.1178736686706543,1.588297724723816,-0.10733869103886846,0.04027491943359308,0.8616354798067056
5.5625,0.37018489837646484,1.755049467086792,1.5946435928344727,-0.09803655899604172,0.03984361476214585,0.8576649567856072
5.583333333333332,0.37107163667678833,1.3893202543258667,1.5999846458435059,-0.08852598802129563,0.03941174733746827,0.8538510873815407
5.604166666666666,0.3702741861343384,1.0212801694869995,1.6046963930130005,-0.07891064163085054,0.038979385393639675,0.8500755235092496
5.625,0.3572346568107605,0.6571420431137085,1.6094608306884766,-0.06937698871700014,0.03829645919018322,0.846362404145548
5.645833333333332,0.3325693607330322,0.307589590549469,1.6142833232879639,-0.0599163538864607,0.03741833636243889,0.8431824468770227
5.666666666666666,0.3085545599460602,-0.04912640154361725,1.6192874908447266,-0.05017575019724573,0.036543640389994955,0.8400361125410258
5.6875,0.288772851228714,-0.4029330909252167,1.6232160329818726,-0.04051950304271674,0.035770611254218244,0.8369232771039293
5.708333333333332,0.2741753160953522,-0.7538386583328247,1.6272448301315308,-0.03094779908920953,0.03510351306210216,0.8338438139880712
5.729166666666666,0.26057103276252747,-1.1017435789108276,1.6314479112625122,-0.021460553057936687,0.03443834908927488,0.8307975941312159
5.75,0.24707655608654022,-1.4467209577560425,1.6353092193603516,-0.012057669502422305,0.033775178289259716,0.8277844860453658
5.770833333333332,0.23415829241275787,-1.7775615453720093,1.6385250091552734,-0.002739042989605629,0.033114058369227664,0.8252253304084427
5.791666666666666,0.22151689231395721,-2.0975842475891113,1.641869068145752,0.0066759915013940505,0.03243728673744343,0.8233498579542474
5.8125,0.20802360773086548,-2.421627998352051,1.6445194482803345,0.016256822882922014,0.031732255831455766,0.8214981328317027
5.833333333333332,0.19069969654083252,-2.7388315200805664,1.6456454992294312,0.02563647239654869,0.03102984409531679,0.8196700168100071
5.854166666666666,0.18267789483070374,-3.033515691757202,1.6463359594345093,0.034929734069420765,0.03057514674356508,0.8188795753130954
5.875,0.19588522613048553,-3.3138930797576904,1.6459243297576904,0.044136761850390685,0.030705724008135638,0.8188271295041527
5.895833333333332,0.20841647684574127,-3.560760974884033,1.645530104637146,0.052847977335368876,0.030832164863377125,0.8200746459688208
5.916666666666666,0.2209123820066452,-3.799334764480591,1.644268274307251,0.06134678775215142,0.03095452015017404,0.8213199886865604
5.9375,0.2766796946525574,-4.033588409423828,1.6370898485183716,0.06976437554898138,0.03236773683446002,0.8225630235186521
5.958333333333332,0.34893617033958435,-4.261241912841797,1.628572702407837,0.07810092928948575,0.03429162188462665,0.8240887547568745
5.979166666666666,0.4203570783138275,-4.4849467277526855,1.6193369626998901,0.08635664552548251,0.03619641148786443,0.8257392157409198
6.0,0.48640069365501404,-4.7066240310668945,1.6073607206344604,0.09453172863744282,0.03792928487620792,0.8273835267256826
6.020833333333332,0.5176007151603699,-4.923914432525635,1.5981167554855347,0.1025087228163976,0.038593185259535895,0.8290215646303752
6.041666666666666,0.5486644506454468,-5.108453750610352,1.5887271165847778,0.10938044100938397,0.03924818881844526,0.8306573346222551
6.0625,0.5795177221298218,-5.289340496063232,1.5778292417526245,0.11618171159546509,0.03989435265101372,0.8323347875131702
6.083333333333332,0.6102131009101868,-5.466094017028809,1.5657323598861694,0.12291276645960078,0.040531734123164666,0.8340051792100599
6.104166666666666,0.6409667134284973,-5.631744384765625,1.5535991191864014,0.12926209936652436,0.04116039085630554,0.8356683981122419
6.125,0.6894108057022095,-5.786348819732666,1.5396451950073242,0.13525383713246594,0.04230322382369972,0.8373502777474139
6.145833333333332,0.7570035457611084,-5.897225379943848,1.5219894647598267,0.13989940980831103,0.043965356681434496,0.8390509635719214
6.166666666666666,0.8239870667457581,-6.004669666290283,1.5042879581451416,0.14446649062120798,0.045610150842890884,0.840743722568056
6.1875,0.8894767165184021,-6.108738422393799,1.4866127967834473,0.1489804937163192,0.04723766738671176,0.8426638143383745
6.208333333333332,0.9533494114875793,-6.202177047729492,1.4690144062042236,0.15323897099808514,0.048847968748156397,0.8448941956903658
6.229166666666666,1.016931414604187,-6.284931182861328,1.4514240026474,0.15714187676545782,0.05044111868796593,0.8471117284091756
6.25,1.0800122022628784,-6.36681604385376,1.43366539478302,0.16099671421008047,0.05201718226156321,0.8493163216094685
6.270833333333332,1.1391499042510986,-6.447824001312256,1.4156361818313599,0.16480374884749108,0.05357622578858426,0.8515078876769536
6.291666666666666,1.1976399421691895,-6.5280890464782715,1.397583246231079,0.16856324835106973,0.05511831682274216,0.8535336324677147
6.3125,1.2579129934310913,-6.552247047424316,1.37924325466156,0.17059006203765353,0.05664014948210488,0.8551967971777827
6.333333333333332,1.3070718050003052,-6.560949802398682,1.3621995449066162,0.1721390912819624,0.057840420668239745,0.8568508840023003
6.354166666666666,1.3246431350708008,-6.567539215087891,1.3480510711669922,0.17365914284777637,0.058162835133077434,0.8589045964219391
6.375,1.3400179147720337,-6.5529890060424805,1.333914041519165,0.17473167488493774,0.05847834005984343,0.8623047006996801
6.395833333333332,1.3475651741027832,-6.486307621002197,1.3206194639205933,0.1741765818210421,0.05855399037125703,0.8656807809922188
6.416666666666666,1.3207565546035767,-6.420439720153809,1.3111764192581177,0.17361015695475424,0.057585347079719795,0.8690327724933141
6.4375,1.2930947542190552,-6.34896183013916,1.301811933517456,0.17283372518497847,0.05662060514891398,0.8712473637327696
6.458333333333332,1.2651135921478271,-6.233139991760254,1.2929935455322266,0.1707732753615802,0.05565983185363614,0.8728408230643756
6.479166666666666,1.2365998029708862,-6.118132591247559,1.2843142747879028,0.16871455274229702,0.05470309281604739,0.8744243462282614
6.5,1.2077853679656982,-6.004209995269775,1.275543212890625,0.16665780942797462,0.053750452024085814,0.875952404711826
6.520833333333332,1.1783331632614136,-5.889767646789551,1.2667579650878906,0.16460329308940133,0.052798547698130784,0.8767914699898417
6.541666666666666,1.145938515663147,-5.775379657745361,1.2581534385681152,0.1625207225075208,0.051765730138436966,0.8776264864650202
6.5625,1.0759094953536987,-5.599306583404541,1.2530637979507446,0.15867600314264435,0.0497140017565649,0.878457406986105
6.583333333333332,0.9698799848556519,-5.425830841064453,1.2512905597686768,0.15484489965312556,0.046666328337910394,0.879284185739306
6.604166666666666,0.8653364777565002,-5.2539849281311035,1.249021053314209,0.15103195992963772,0.04364072352377511,0.8801067782324097
6.625,0.7661166191101074,-5.024373531341553,1.245880365371704,0.14538117172955334,0.04063723641569427,0.881224000488362
6.645833333333332,0.6560576558113098,-4.797765254974365,1.2432231903076172,0.1396516644372155,0.037237850188336925,0.8827281824266852
6.666666666666666,0.5450384020805359,-4.573575496673584,1.2409710884094238,0.13395736218456164,0.03382720804714734,0.8842222839055768
6.6875,0.4355580508708954,-4.343801975250244,1.23714280128479,0.12804372580746454,0.030442597428869976,0.8857062672459234
6.708333333333332,0.32812270522117615,-4.101550102233887,1.23072350025177,0.12171386262884956,0.027084051102578572,0.887180096771531
6.729166666666666,0.20904161036014557,-3.8623297214508057,1.224650502204895,0.11542567230675226,0.023363832468378917,0.888643738780792
6.75,0.0881253257393837,-3.625549077987671,1.2181363105773926,0.10917932573646916,0.0195896245752173,0.8900971615185431
6.770833333333332,-0.027668364346027374,-3.3386588096618652,1.2111928462982178,0.10107404755335377,0.01584547826910564,0.8915403351481285
6.791666666666666,-0.14109520614147186,-3.0392160415649414,1.2035914659500122,0.0924755785272698,0.01213140895304161,0.8929732317236595
6.8125,-0.25723591446876526,-2.7343173027038574,1.1955145597457886,0.0839398364153515,0.008447427671460268,0.8937875547694247
6.833333333333332,-0.383372962474823,-2.407656669616699,1.1872398853302002,0.07546695178680135,0.004793541181014047,0.8927485204461684
6.854166666666666,-0.49172136187553406,-2.104789972305298,1.178123950958252,0.06705704448202235,0.0013749174818257005,0.8932861111211576
6.875,-0.5926982760429382,-1.800175666809082,1.1684614419937134,0.05853575774459054,-0.0018292570485385481,0.8938207366037783
6.895833333333332,-0.6709383726119995,-1.4700424671173096,1.1576064825057983,0.049033593495794635,-0.004471764388598249,0.8942925147906896
6.916666666666666,-0.74908447265625,-1.136552095413208,1.146323800086975,0.039604864360445115,-0.007091903320607126,0.8943183464235166
6.9375,-0.8266304731369019,-0.8061296939849854,1.1345657110214233,0.030249646267092617,-0.009689685005214846,0.8943453350112741
6.958333333333332,-0.9060628414154053,-0.4806654155254364,1.122404932975769,0.020968003867925633,-0.012341718419884523,0.8943734578530719
6.979166666666666,-0.9868427515029907,-0.15818677842617035,1.1108242273330688,0.011759990716804877,-0.015031086473539212,0.8944026924674217
7.0,-1.0664745569229126,0.16146136820316315,1.0987889766693115,0.0026256494458432754,-0.017697007729774263,0.8944330165916863
7.020833333333332,-1.14497971534729,0.4780676066875458,1.0890843868255615,-0.006434988059466379,-0.02033951017499396,0.894464551452973
7.041666666666666,-1.221445918083191,0.7854284048080444,1.078946828842163,-0.015421900486576268,-0.022974298857032744,0.894920630440319
7.0625,-1.2980667352676392,1.0920870304107666,1.0683568716049194,-0.02433507692366149,-0.025586000860353543,0.8952332060719899
7.083333333333332,-1.3750982284545898,1.3986233472824097,1.059933066368103,-0.033163323008001594,-0.02817422941125673,0.8953503639028838
7.104166666666666,-1.4475141763687134,1.7411913871765137,1.0513365268707275,-0.04361097932580183,-0.03073901821908459,0.8954677673179643
7.125,-1.5142306089401245,2.085341691970825,1.0424597263336182,-0.0541531678215187,-0.03312823914448012,0.895585396300181
7.145833333333332,-1.5807191133499146,2.4278664588928223,1.033210039138794,-0.06460615572218968,-0.03547440458577776,0.8954657084334918
7.166666666666666,-1.6452699899673462,2.78174090385437,1.0250056982040405,-0.07565591647466063,-0.0377986885651851,0.8953079073880221
7.1875,-1.7186037302017212,3.1345789432525635,1.016184687614441,-0.08675028044040967,-0.04041744648776582,0.8951525867499103
7.208333333333332,-1.814377784729004,3.4823198318481445,1.0056134462356567,-0.09774873791079682,-0.043766396675553,0.894999726873632
7.229166666666666,-1.9093902111053467,3.825927734375,0.9945192337036133,-0.10865136903183678,-0.04708468444200187,0.8949226714785705
7.25,-2.0035064220428467,4.166088581085205,0.9839433431625366,-0.11945826568223604,-0.050372362364444326,0.8948706881912094
7.270833333333332,-2.092353582382202,4.503835201263428,0.9735332727432251,-0.13016953126676362,-0.053477700427582486,0.8948203021352004
7.291666666666666,-2.178518295288086,4.84014368057251,0.9627990126609802,-0.140848930739219,-0.05649221633769385,0.8947714939069281
7.3125,-2.264094352722168,5.173000335693359,0.9517966508865356,-0.15140602524936686,-0.059478076347811264,0.8947242442073533
7.333333333333332,-2.3512260913848877,5.496719837188721,0.9413167834281921,-0.16155652851031396,-0.06243534528896583,0.8946785338429143
7.354166666666666,-2.4416234493255615,5.821507453918457,0.9301448464393616,-0.17161420550594772,-0.06541545009412905,0.8943295659740746
7.375,-2.5461983680725098,6.145423412322998,0.916954755783081,-0.1815792138076273,-0.06881452391430733,0.8937609182387328
7.395833333333332,-2.654024362564087,6.461373329162598,0.9035251140594482,-0.1909330830280772,-0.07218106095292805,0.892808748698751
7.416666666666666,-2.7624595165252686,6.763748645782471,0.8901247382164001,-0.19980371237750633,-0.07551513805025478,0.891865684410004
7.4375,-2.8758699893951416,7.062901496887207,0.875742495059967,-0.20858981406756336,-0.07894442039407426,0.8909317039990405
7.458333333333332,-2.9923171997070312,7.35929536819458,0.860410749912262,-0.21729158226458198,-0.08245833468378747,0.8899828458779869
7.479166666666666,-3.109743356704712,7.642618179321289,0.8443261384963989,-0.22546122204630276,-0.0859379935690748,0.889018854516879
7.5,-3.228080987930298,7.911281108856201,0.828224241733551,-0.2330485801723322,-0.08938348675339657,0.8880642799030445
7.520833333333332,-3.340353012084961,8.178024291992188,0.8123369812965393,-0.24056014664365408,-0.09265943633251075,0.8871190971082041
7.541666666666666,-3.456027030944824,8.452942848205566,0.7954235076904297,-0.24799614541885892,-0.09589308087280028,0.8854645909424778
7.5625,-3.57140851020813,8.724185943603516,0.7781246900558472,-0.2553568070543086,-0.09909405408430234,0.8837550535490634
7.583333333333332,-3.686016321182251,8.989700317382812,0.7605733275413513,-0.26264236856382095,-0.10226245754331909,0.8820613966141055
7.604166666666666,-3.8088467121124268,9.198135375976562,0.7415445446968079,-0.2679513794206741,-0.10539839558637969,0.880383589506952
7.625,-3.9305436611175537,9.392218589782715,0.7221325039863586,-0.2728368492203334,-0.10847999199326026,0.87883973116721
7.645833333333332,-4.053619384765625,9.539162635803223,0.7018274664878845,-0.2763514156735932,-0.11147904370026473,0.8773374659361151
7.666666666666666,-4.163979530334473,9.671356201171875,0.6835506558418274,-0.27947452761661623,-0.11411975644317003,0.8758497424258083
7.6875,-4.23475980758667,9.801667213439941,0.6717541217803955,-0.2825565086432265,-0.11577842598049207,0.8745896920759053
7.708333333333332,-4.3000807762146,9.917824745178223,0.6607202887535095,-0.2855250556549577,-0.11741645176102296,0.8740510318728011
7.729166666666666,-4.365367889404297,10.02272891998291,0.6496601104736328,-0.28817592386807245,-0.1190339502707704,0.8735191245403116
7.75,-4.4517693519592285,10.12353801727295,0.6349125504493713,-0.29078935125736227,-0.12119592990517286,0.8729939314422135
7.770833333333332,-4.538011074066162,10.2086763381958,0.6193291544914246,-0.293365597699049,-0.123609370066094,0.8736404439464693
7.791666666666666,-4.619223594665527,10.258898735046387,0.6043391823768616,-0.29510178203008813,-0.12599563396392802,0.8749182905053062
7.8125,-4.70046854019165,10.292462348937988,0.5884528756141663,-0.2963229593833109,-0.1283548436649953,0.8761877549415356
7.833333333333332,-4.780781269073486,10.325992584228516,0.5726645588874817,-0.2975184629181843,-0.1306871229074027,0.877448802342235
7.854166666666666,-4.858208179473877,10.358323097229004,0.55705726146698,-0.2986885519728036,-0.13299259705666247,0.8787174259217764
7.875,-4.932643890380859,10.364048957824707,0.5421456098556519,-0.2991688058844008,-0.1352745333052383,0.8803760315431004
7.895833333333332,-4.979823112487793,10.350266456604004,0.5322607755661011,-0.29903439511294533,-0.1367628624314916,0.8820226739018766
7.916666666666666,-4.993607997894287,10.337657928466797,0.5283461809158325,-0.2988858309783375,-0.1372962701617735,0.8836573256360885
7.9375,-5.004033088684082,10.323657035827637,0.5246931314468384,-0.2987233662910719,-0.13781753015158602,0.8856008587969209
7.958333333333332,-5.01301383972168,10.294411659240723,0.5212399959564209,-0.29814499790808224,-0.13832677114068817,0.8879132376682444
7.979166666666666,-5.021795749664307,10.265308380126953,0.5177642107009888,-0.2975321363821228,-0.1388241213864751,0.890207692430065
8.0,-5.030344009399414,10.237049102783203,0.5142768025398254,-0.2969096704366678,-0.13930970865449036,0.8924842055660729
8.020833333333332,-5.0385236740112305,10.207125663757324,0.5108088254928589,-0.2962445630019133,-0.1397836602091648,0.8948584582447017
8.041666666666666,-5.006505966186523,10.176156997680664,0.5144585967063904,-0.2955113060391655,-0.13909023862289258,0.8972309202014144
8.0625,-4.949342250823975,10.146345138549805,0.52250075340271,-0.29476993467378865,-0.1376598738267665,0.899584298615717
8.083333333333332,-4.853275299072266,10.117849349975586,0.5373828411102295,-0.2940206830906475,-0.13506978833285296,0.9019185870052182
8.104166666666666,-4.759426116943359,10.089340209960938,0.5520758628845215,-0.2932637826967011,-0.13249399638781406,0.9042337815889786
8.125,-4.666292667388916,10.047337532043457,0.5665342807769775,-0.2920730620710181,-0.12993261344364176,0.9065154353894296
8.145833333333332,-4.58731746673584,10.002556800842285,0.578404426574707,-0.2907375266433825,-0.12775464005709034,0.9087321818315601
8.166666666666666,-4.516538143157959,9.957255363464355,0.5899145007133484,-0.2893997436904317,-0.12572652443602841,0.9112550238707158
8.1875,-4.447796821594238,9.908554077148438,0.6032047271728516,-0.28807876270239957,-0.12370892018003146,0.9151305703030035
8.208333333333332,-4.379645824432373,9.865809440612793,0.6170053482055664,-0.2868496886739497,-0.12170192897720784,0.918973406699629
8.229166666666666,-4.3086628913879395,9.824530601501465,0.631242573261261,-0.2856180757538112,-0.11957855910505998,0.9227835479013469
8.25,-4.23698091506958,9.782513618469238,0.6457876563072205,-0.2843841331771473,-0.1173928812754005,0.927064743265128
8.270833333333332,-4.166059970855713,9.737021446228027,0.6624593138694763,-0.28304941953496926,-0.11521977800243702,0.9316345658144775
8.291666666666666,-4.095912456512451,9.69151496887207,0.6788340210914612,-0.28164319392127285,-0.11305933822518702,0.9361648617727465
8.3125,-4.026440143585205,9.646538734436035,0.6950465440750122,-0.2802366546725011,-0.11091164770021536,0.9406556644756042
8.333333333333332,-3.9565610885620117,9.601844787597656,0.7111095786094666,-0.2788299982495376,-0.10877678904232545,0.9451070120782452
8.354166666666666,-3.8872509002685547,9.557820320129395,0.7278887033462524,-0.2774234179011517,-0.1066548417650059,0.949518947470957
8.375,-3.8185207843780518,9.514098167419434,0.7454404830932617,-0.2760171036905776,-0.10454588232062895,0.953891518195451
8.395833333333332,-3.7479400634765625,9.474579811096191,0.7632970213890076,-0.27455384227913093,-0.1024499841404015,0.9564302076475177
8.416666666666666,-3.6731204986572266,9.43824577331543,0.7818518877029419,-0.27308871838522625,-0.10025850675090746,0.9581026638827478
8.4375,-3.5935919284820557,9.377548217773438,0.8011032938957214,-0.27090535398596766,-0.09792820869045485,0.959757864690669
8.458333333333332,-3.509979486465454,9.314411163330078,0.8209543824195862,-0.26865205883978255,-0.09547135952478239,0.9613958684764854
8.479166666666666,-3.418490171432495,9.251959800720215,0.8419804573059082,-0.26640706687870896,-0.09278677314672834,0.9630167350228528
8.5,-3.327914237976074,9.190037727355957,0.862732470035553,-0.2641692614374777,-0.0901209627449219,0.9646205254591161
8.520833333333332,-3.245727300643921,9.127439498901367,0.8821335434913635,-0.2619373643451647,-0.0876879772269215,0.9662073022308896
8.541666666666666,-3.181689739227295,9.065303802490234,0.900812566280365,-0.25971429895154685,-0.08578261593957855,0.9677235375172888
8.5625,-3.118109703063965,9.003832817077637,0.9213935136795044,-0.25750022251320437,-0.08389015328169133,0.9691935701676668
8.583333333333332,-3.055546522140503,8.943092346191406,0.9423297643661499,-0.2552952884818378,-0.08201063471904586,0.970602030223588
8.604166666666666,-2.993361234664917,8.883048057556152,0.9649809002876282,-0.2530996465459631,-0.08014410321155137,0.9719948105726207
8.625,-2.938401222229004,8.823604583740234,0.986483097076416,-0.25091344267242877,-0.07847595506975905,0.9733719794075183
8.645833333333332,-2.914747953414917,8.751739501953125,1.0034244060516357,-0.24837653656791459,-0.07769256265627324,0.9741728382359944
8.666666666666666,-2.8911080360412598,8.643571853637695,1.0221391916275024,-0.2448239900974279,-0.0769134623538652,0.9746783960119323
8.6875,-2.874837875366211,8.536026954650879,1.039780616760254,-0.24129285306266762,-0.07633000292739088,0.9751755859166648
8.708333333333332,-2.919820785522461,8.429398536682129,1.0482525825500488,-0.23778325399311254,-0.07741755808720477,0.9756644778143294
8.729166666666666,-2.9669501781463623,8.323338508605957,1.0564268827438354,-0.23429531638017848,-0.07849403390926805,0.9755398110792622
8.75,-3.0159480571746826,8.217768669128418,1.0644923448562622,-0.2308291587432063,-0.07955946601243412,0.9749507215130178
8.770833333333332,-3.0735998153686523,8.111715316772461,1.0732107162475586,-0.22738489469504258,-0.08085646151304571,0.9743624183705941
8.791666666666666,-3.1392879486083984,7.990651607513428,1.0809274911880493,-0.2235377985932777,-0.0823647994037153,0.9737749687533804
8.8125,-3.2041573524475098,7.854422569274902,1.0893174409866333,-0.21928385283479157,-0.08385832098095165,0.9731884385446272
8.833333333333332,-3.2682809829711914,7.6985626220703125,1.0984139442443848,-0.21449589338517808,-0.0853370665311437,0.9726028924204854
8.854166666666666,-3.328068256378174,7.543326377868652,1.1082972288131714,-0.2097177617587195,-0.08669949471106325,0.9720183938610681
8.875,-3.3868305683135986,7.38956356048584,1.1184393167495728,-0.20497403773069872,-0.0880409859646566,0.9714350051614732
8.895833333333332,-3.44406795501709,7.197961807250977,1.1282830238342285,-0.199222424626057,-0.0893687341271531,0.9708527874427869
8.916666666666666,-3.5060505867004395,6.993849277496338,1.1367212533950806,-0.19338113864136788,-0.09068278439431089,0.969512191804382
8.9375,-3.5772194862365723,6.780216693878174,1.1443020105361938,-0.18758425989242705,-0.09198318308108586,0.966777416390925
8.958333333333332,-3.6481544971466064,6.5663652420043945,1.1520400047302246,-0.18183184729371285,-0.09326997759697354,0.9637884541453484
8.979166666666666,-3.7325401306152344,6.331870079040527,1.1569067239761353,-0.17569896934582374,-0.09476695095392151,0.9601930821768428
9.0,-3.8393681049346924,6.057236194610596,1.1592618227005005,-0.16851775046380313,-0.09682578283100961,0.956624642821413
9.020833333333332,-3.9488847255706787,5.782137870788574,1.1619027853012085,-0.1613937915714969,-0.09889148521121509,0.9528616719179438
9.041666666666666,-4.069976806640625,5.499780654907227,1.1640616655349731,-0.15432712095900156,-0.10102662857937042,0.94839113482787
9.0625,-4.1899003982543945,5.218801975250244,1.1670266389846802,-0.1473177586660251,-0.10314078925878155,0.9439556162810059
9.083333333333332,-4.308770179748535,4.939157962799072,1.1708056926727295,-0.14036571661459063,-0.1052340244028294,0.9395551442956873
9.104166666666666,-4.426637172698975,4.661937713623047,1.1742761135101318,-0.13347099874066579,-0.10730639307015798,0.9351897416669961
9.125,-4.539505958557129,4.3847270011901855,1.1781657934188843,-0.12663360112470737,-0.10925216245650955,0.9307455975871043
9.145833333333332,-4.621204853057861,4.0902252197265625,1.1848571300506592,-0.11985351212112792,-0.11032996840158539,0.9254249868030399
9.166666666666666,-4.699695587158203,3.793200731277466,1.1906872987747192,-0.11300949892463619,-0.11135058769382968,0.9201480226082905
9.1875,-4.739705562591553,3.42659592628479,1.199446439743042,-0.10441303996163821,-0.1116949699609271,0.9148952593212537
9.208333333333332,-4.782958507537842,3.051959991455078,1.2083184719085693,-0.09587343388539818,-0.11203263392949123,0.9092026401003754
9.229166666666666,-4.823756217956543,2.650486469268799,1.217639446258545,-0.086455995082284,-0.11236364404661858,0.903557837902594
9.25,-4.84230899810791,2.251516819000244,1.2280741930007935,-0.07711750163375303,-0.11226538289663916,0.8979608350148605
9.270833333333332,-4.836802959442139,1.8657721281051636,1.2362490892410278,-0.06786021728684596,-0.11170534974731168,0.8929469682706741
9.291666666666666,-4.8289923667907715,1.4886194467544556,1.2426728010177612,-0.05839570079055806,-0.11114618813641433,0.8886162897467481
9.3125,-4.821234226226807,1.1138585805892944,1.2468044757843018,-0.04899711260832522,-0.11058795981568259,0.8843235432732698
9.333333333333332,-4.751174449920654,0.7421256899833679,1.2519196271896362,-0.03968202412434475,-0.10862243412189776,0.8800686896302854
9.354166666666666,-4.6768670082092285,0.4069809913635254,1.2566840648651123,-0.03045033071221199,-0.10650426376269824,0.877572874930806
9.375,-4.603453159332275,0.07940909266471863,1.2578747272491455,-0.021301918128057266,-0.10440029576735978,0.8753555403502852
9.395833333333332,-4.531917572021484,-0.25742006301879883,1.2580989599227905,-0.011809307324966887,-0.10231058303106144,0.8731595156034783
9.416666666666666,-4.461166858673096,-0.5936226844787598,1.2578940391540527,-0.002311430556276293,-0.10023517564252071,0.8709847493347269
9.4375,-4.390110015869141,-0.9252360463142395,1.2571301460266113,0.007099245200969579,-0.09817412092324693,0.868831188142046
9.458333333333332,-4.3094024658203125,-1.2472070455551147,1.253160834312439,0.0161991163941938,-0.09588768995600337,0.8666987766179576
9.479166666666666,-4.191329002380371,-1.5553828477859497,1.2468430995941162,0.02513988241460426,-0.09259804870239594,0.8649079250313217
9.5,-4.044661045074463,-1.8383796215057373,1.2390471696853638,0.03399640991296183,-0.08839523813406815,0.8643041475137603
9.520833333333332,-3.900975227355957,-2.115856885910034,1.230635404586792,0.04284015674607518,-0.08422522247590969,0.8640518986355843
9.541666666666666,-3.7672624588012695,-2.3747498989105225,1.2218375205993652,0.051954787230108705,-0.08008803025542083,0.8655150172778321
9.5625,-3.686525344848633,-2.632439613342285,1.2147557735443115,0.06098219252225271,-0.07760516777536895,0.8669695222555422
9.583333333333332,-3.6367225646972656,-2.8888256549835205,1.2086769342422485,0.06992257750359669,-0.07608801866396088,0.8684153571965206
9.604166666666666,-3.5855772495269775,-3.1049487590789795,1.2010847330093384,0.07744456370745177,-0.07458238918662004,0.8698524678330872
9.625,-3.533986806869507,-3.2918710708618164,1.1923223733901978,0.08394057883552224,-0.07316363785493347,0.8712886930926848
9.645833333333332,-3.535473108291626,-3.4726240634918213,1.1864173412322998,0.09036922145984388,-0.07329439379096893,0.8728771743498832
9.666666666666666,-3.5367977619171143,-3.6499593257904053,1.18043053150177,0.0967307238365842,-0.07342328403546672,0.8744517631479664
9.6875,-3.5390453338623047,-3.8313145637512207,1.1729332208633423,0.10302532353566866,-0.07355032170509054,0.8755289443387048
9.708333333333332,-3.541140079498291,-4.005929946899414,1.1634520292282104,0.10925326332133672,-0.07367551995295735,0.876595515487901
9.729166666666666,-3.4431726932525635,-4.178547382354736,1.146763801574707,0.11541479103395157,-0.07090621192439271,0.8776557921224112
9.75,-3.3412528038024902,-4.300150394439697,1.129502296447754,0.12014123070037135,-0.06800912812549846,0.8792632678617646
9.770833333333332,-3.2425310611724854,-4.409969329833984,1.1106964349746704,0.1247050046808145,-0.06513555229039243,0.8816384274983591
9.791666666666666,-3.1435608863830566,-4.4828667640686035,1.0913549661636353,0.12821077291070515,-0.06228548917495461,0.8839960928412639
9.8125,-3.0454015731811523,-4.5500946044921875,1.071978211402893,0.1315334326130124,-0.05945894025993273,0.8863362305246657
9.833333333333332,-2.948965311050415,-4.612034797668457,1.0527517795562744,0.13481277458476817,-0.056655903804484105,0.8893645811425391
9.854166666666666,-2.9216578006744385,-4.6716628074646,1.0371553897857666,0.1380490643315584,-0.05599117760158992,0.8925129253426571
9.875,-2.9355287551879883,-4.728661060333252,1.024398922920227,0.1412425688523686,-0.05660969551003749,0.8956365957274346
9.895833333333332,-3.0143020153045654,-4.724032402038574,1.0171571969985962,0.1425050671598053,-0.05929694788988822,0.8987355726542543
9.916666666666666,-3.091963529586792,-4.700510501861572,1.0098261833190918,0.14314222807394333,-0.06196221825743793,0.901809840160933
9.9375,-3.1689505577087402,-4.637960910797119,1.0023804903030396,0.14253846551109517,-0.06460550511386372,0.9048593859074932
9.958333333333332,-3.2451817989349365,-4.560155391693115,0.9947487115859985,0.14142892434755686,-0.06722680997436688,0.9078842011183911
9.979166666666666,-3.3096210956573486,-4.482477188110352,0.9861522912979126,0.14031288704607978,-0.06944136653774532,0.9107104342255753
10.0,-3.3060288429260254,-4.387241363525391,0.972089409828186,0.13876242004023337,-0.06947427512107279,0.9125361507870405
10.020833333333332,-3.303314447402954,-4.194209575653076,0.9578259587287903,0.13426501081360404,-0.06953374498157293,0.9143467065497982
10.041666666666666,-3.309476137161255,-4.001876354217529,0.9440503120422363,0.1297899272058805,-0.06983053142110267,0.9161421042370271
10.0625,-3.318218946456909,-3.805098295211792,0.9303042888641357,0.12533741135744328,-0.07012435751059905,0.9172485400683907
10.083333333333332,-3.3281946182250977,-3.583341121673584,0.9165845513343811,0.12020768304666092,-0.07041523190647768,0.9178319475298817
10.104166666666666,-3.3380026817321777,-3.3446133136749268,0.9027634263038635,0.11451891024135523,-0.07070316352439887,0.918410092707336
10.125,-3.377187490463257,-3.109544515609741,0.8891856074333191,0.10886410227620225,-0.07182779935362824,0.9189788991846843
10.145833333333332,-3.463514566421509,-2.8494949340820312,0.8778190612792969,0.10324347060438399,-0.07379729816931667,0.9171146307243253
10.166666666666666,-3.549532890319824,-2.590650796890259,0.8670263290405273,0.09765721855786581,-0.07574978864207602,0.9152180911872531
10.1875,-3.6558456420898438,-2.3355493545532227,0.8566468954086304,0.09210554145305212,-0.07822902293148733,0.9133369433762217
10.208333333333332,-3.789494514465332,-2.0856871604919434,0.8468018174171448,0.08658862669579781,-0.08142690268089003,0.9114711903897474
10.229166666666666,-3.9198803901672363,-1.7739453315734863,0.8361455798149109,0.07931116516894231,-0.08459714235703533,0.9091318040666841
10.25,-4.045124053955078,-1.434916615486145,0.8252206444740295,0.07109417365349811,-0.0877397646805789,0.9067495266643246
10.270833333333332,-4.169206142425537,-1.094698190689087,0.8147003650665283,0.06281486150859089,-0.09086492676947792,0.9043872265144972
10.291666666666666,-4.292318820953369,-0.7573752999305725,0.8033446669578552,0.05459514671262957,-0.09396438591022996,0.9020448968555481
10.3125,-4.412364959716797,-0.4109901189804077,0.7913774847984314,0.04596074334460682,-0.09703621550170707,0.8997225283205591
10.333333333333332,-4.529843807220459,-0.03773557394742966,0.7791922688484192,0.03616615274964264,-0.10016983981303018,0.8974201089813859
10.354166666666666,-4.657568454742432,0.33139869570732117,0.7662522792816162,0.026445674045867517,-0.10353592710525027,0.8950359124476427
10.375,-4.783168315887451,0.6958332061767578,0.7524396777153015,0.016799412376429984,-0.10687158952649338,0.8927799362533719
10.395833333333332,-4.901319980621338,1.0573177337646484,0.7381137609481812,0.006844041570285688,-0.11017687302867442,0.8910894484080776
10.416666666666666,-5.017913818359375,1.4196194410324097,0.7231030464172363,-0.003201712743472353,-0.11345182694122535,0.889414250397192
10.4375,-5.133258819580078,1.7789366245269775,0.7073323726654053,-0.013168418810368418,-0.11669650390895729,0.8877543189773159
10.458333333333332,-5.245035648345947,2.1353261470794678,0.690983772277832,-0.023056019064676907,-0.11991095983048779,0.8861096292101488
10.479166666666666,-5.353261947631836,2.494800090789795,0.6754415035247803,-0.03330841899050429,-0.12309525379723738,0.8845972202848575
10.5,-5.448340892791748,2.835726022720337,0.6601002812385559,-0.04377453333839828,-0.12618429860378957,0.8843302247736621
10.520833333333332,-5.513183116912842,3.1759212017059326,0.6458733081817627,-0.054155279308864906,-0.12827063412540085,0.8840796163073092
10.541666666666666,-5.577406883239746,3.508436918258667,0.6313409805297852,-0.06445064681257558,-0.1303356408485938,0.884142346620162
10.5625,-5.64106559753418,3.838031530380249,0.6164202690124512,-0.07466063754062886,-0.13237938818602318,0.8842062825616849
10.583333333333332,-5.704278469085693,4.164722442626953,0.6011194586753845,-0.08478526477094907,-0.13440194730224764,0.8842713956210383
10.604166666666666,-5.7667694091796875,4.490543365478516,0.5854628086090088,-0.09491988755748497,-0.13640339107529975,0.8843376575955767
10.625,-5.826148509979248,4.822963237762451,0.5696612596511841,-0.10508236448861084,-0.13822748965200773,0.8839969127412419
10.645833333333332,-5.877413749694824,5.201972961425781,0.5580004453659058,-0.117284136532918,-0.13982600565878842,0.8831229813811643
10.666666666666666,-5.917479038238525,5.581823825836182,0.5475209355354309,-0.12956917743153193,-0.1410238893720727,0.8822579829122785
10.6875,-5.942855358123779,5.967345237731934,0.5383952856063843,-0.14174810251781012,-0.14159179632056304,0.8809852427899725
10.708333333333332,-5.972037315368652,6.362090110778809,0.5287543535232544,-0.15382099783493125,-0.1421502895006231,0.8789823759289892
10.729166666666666,-6.001229763031006,6.753680229187012,0.5189352035522461,-0.1657879624380108,-0.1426994475786426,0.8769979936716439
10.75,-6.014377593994141,7.151342391967773,0.5112525820732117,-0.17815729493272897,-0.14273759464252617,0.8750320623725139
10.770833333333332,-6.020090103149414,7.538388252258301,0.5050776600837708,-0.19054441762459526,-0.1426446423234874,0.8736679896614529
10.791666666666666,-6.024543762207031,7.9202494621276855,0.4991401135921478,-0.20287209486068378,-0.14254781244057316,0.8724866142583464
10.812499999999998,-6.028995037078857,8.29928970336914,0.49381572008132935,-0.21510566625412858,-0.14244718188461153,0.8713173178826841
10.833333333333334,-6.017237663269043,8.676737785339355,0.4909765422344208,-0.22722813581128076,-0.14177383369393498,0.8701277519359976
10.854166666666666,-6.002649307250977,9.053932189941406,0.4892064034938812,-0.2392396791523935,-0.14086160142550547,0.8688137271861606
10.874999999999998,-5.987929344177246,9.426766395568848,0.4883609414100647,-0.2510207693825066,-0.1399525227816493,0.8675130665388603
10.895833333333334,-5.963820934295654,9.784941673278809,0.4896675944328308,-0.26197490184171573,-0.13875948733446705,0.8662257274320411
10.916666666666666,-5.934240818023682,10.140308380126953,0.49202466011047363,-0.2728256704205611,-0.1374045296894013,0.8649516661902894
10.937499999999998,-5.90317964553833,10.490363121032715,0.4945473372936249,-0.2834559470456033,-0.13605671906683403,0.8636908380490343
10.958333333333334,-5.870502471923828,10.807659149169922,0.49854934215545654,-0.2924434788199397,-0.13471612147652137,0.8624431971785339
10.979166666666666,-5.83791971206665,11.122133255004883,0.503479540348053,-0.30134213481578953,-0.1333828008623603,0.861208696707584
10.999999999999998,-5.805357456207275,11.431591033935547,0.5087434649467468,-0.31015216420590674,-0.13205681912760628,0.8600023507826765
11.020833333333334,-5.768337249755859,11.684061050415039,0.5159879326820374,-0.31815567094901454,-0.13073813670559398,0.860840482599869
11.041666666666666,-5.7208685874938965,11.914076805114746,0.5264981389045715,-0.325322165998024,-0.12913292758454192,0.8616926093773667
11.062499999999998,-5.672778606414795,12.138932228088379,0.5376030206680298,-0.33241308070065867,-0.1275104538296355,0.8625405088570697
11.083333333333334,-5.624500751495361,12.361592292785645,0.5489777326583862,-0.3394286918068235,-0.12587340546288703,0.8633841350933975
11.104166666666666,-5.574285984039307,12.538891792297363,0.5609295964241028,-0.3447268445827948,-0.1242468534240108,0.8642234434770607
11.124999999999998,-5.524241924285889,12.71005630493164,0.5729773640632629,-0.3497872176151153,-0.12263084663213258,0.8650362070698356
11.145833333333334,-5.46999454498291,12.876039505004883,0.5865061283111572,-0.3547882798734425,-0.12089122748096177,0.865806566210496
11.166666666666666,-5.414881229400635,13.037094116210938,0.601935625076294,-0.35973032521871473,-0.11914060346585299,0.8667439519316175
11.187499999999998,-5.359311103820801,13.191120147705078,0.6183064579963684,-0.36461365071505514,-0.11740196352822027,0.8680402472334164
11.208333333333334,-5.302599906921387,13.341429710388184,0.6361916661262512,-0.3694385565367645,-0.11567534739960929,0.8693280707293091
11.229166666666666,-5.296742916107178,13.488374710083008,0.6424281001091003,-0.3742053458764198,-0.11546116767849811,0.8706073863366947
11.249999999999998,-5.304231643676758,13.625504493713379,0.645357608795166,-0.37891432485407184,-0.11572234220473995,0.872384210757102
11.270833333333334,-5.311051368713379,13.707381248474121,0.6496546268463135,-0.3818136787006955,-0.11597921134951827,0.8743304197585263
11.291666666666666,-5.317757606506348,13.766809463500977,0.6545197367668152,-0.3839594410850758,-0.11623181089317508,0.8762622992722996
11.312499999999998,-5.324459552764893,13.825578689575195,0.6594098806381226,-0.38606881324416387,-0.11648017660924216,0.8781798218009026
11.333333333333334,-5.330315113067627,13.890822410583496,0.6644534468650818,-0.3881421060077569,-0.11663850272937062,0.8794936080325965
11.354166666666666,-5.316101551055908,13.959738731384277,0.6747555732727051,-0.3901796300088916,-0.11620307936383599,0.8804655928809734
11.374999999999998,-5.301461219787598,14.023439407348633,0.6854312419891357,-0.3920535711393012,-0.11575900492578009,0.8814308178494621
11.395833333333334,-5.283307075500488,14.035737991333008,0.6972285509109497,-0.3923955941065234,-0.11519790635750815,0.8823983991207476
11.416666666666666,-5.266251564025879,14.0468168258667,0.708984375,-0.3926815313267408,-0.11463944456136961,0.8833660678503058
11.437499999999998,-5.24901008605957,14.018406867980957,0.7207383513450623,-0.3918465898714801,-0.11408365222520227,0.884326785639344
11.458333333333334,-5.21676778793335,13.990503311157227,0.7361176013946533,-0.39100036792297926,-0.11312969390692802,0.8852805359354116
11.479166666666666,-5.1688618659973145,13.963767051696777,0.7560428977012634,-0.3901431835318623,-0.11177370930600128,0.8862273034062321
11.499999999999998,-5.121101379394531,13.915254592895508,0.7759321928024292,-0.3886791581716125,-0.11042721510186372,0.8871670739217451
11.520833333333334,-5.073435306549072,13.840242385864258,0.7963200807571411,-0.3864737269954265,-0.1090902386300239,0.8880998345362818
11.541666666666666,-5.025835037231445,13.765938758850098,0.8165990710258484,-0.38426929344843347,-0.10776280548156826,0.889025573470867
11.562499999999998,-5.025578498840332,13.690632820129395,0.8254566788673401,-0.3820661411920749,-0.10771568980783702,0.8902993987051001
11.583333333333334,-5.028772354125977,13.594837188720703,0.8356146216392517,-0.3793327189360741,-0.10782962053548807,0.8921539073940057
11.604166666666666,-5.031718730926514,13.465906143188477,0.8461093306541443,-0.3756241077281125,-0.10794124556551782,0.8939934993867017
11.624999999999998,-5.079522609710693,13.338322639465332,0.8462278842926025,-0.3719301864184719,-0.10930049376561175,0.8958181693906742
11.645833333333334,-5.1417765617370605,13.194334030151367,0.8431814908981323,-0.367738571895703,-0.1109305749734513,0.8969528547270545
11.666666666666666,-5.204575538635254,13.0047025680542,0.8402348160743713,-0.3622438234377376,-0.11254566580859597,0.897900060191317
11.687499999999998,-5.276083946228027,12.817536354064941,0.8377050757408142,-0.3567797948397336,-0.11442033244912755,0.8988394363083998
11.708333333333334,-5.3791913986206055,12.634306907653809,0.8291494846343994,-0.3513467250673788,-0.11719051605870091,0.8997709838624519
11.729166666666666,-5.484699249267578,12.45177173614502,0.8201408982276917,-0.34594484494660865,-0.11993591828546546,0.9002189332756348
11.749999999999998,-5.590930461883545,12.270398139953613,0.81230229139328,-0.34057437726590617,-0.12265657263186212,0.9004545948821691
11.770833333333334,-5.704148292541504,12.091130256652832,0.803862452507019,-0.33523553687800295,-0.12558991889136703,0.9006881267885212
11.791666666666666,-5.868217945098877,11.89594554901123,0.7852617502212524,-0.3292987049834989,-0.1300179900016486,0.9009195322014075
11.812499999999998,-6.029903888702393,11.686241149902344,0.7678324580192566,-0.3229191858363062,-0.1344068015219326,0.9011488145642838
11.833333333333334,-6.191096782684326,11.444443702697754,0.7520712614059448,-0.31553368929785,-0.1388230651544455,0.9013436556444153
11.854166666666666,-6.389028549194336,11.206131935119629,0.7299014329910278,-0.30819854202484176,-0.14419545714091805,0.9010538168452438
11.874999999999998,-6.5859055519104,10.969559669494629,0.708861231803894,-0.3009139151381146,-0.14951990854186994,0.9007221287620539
11.895833333333334,-6.821543216705322,10.700088500976562,0.6805508732795715,-0.2930801081262794,-0.15479648234689763,0.8978472926412061
11.916666666666666,-7.052392959594727,10.411879539489746,0.653347373008728,-0.2847106827645743,-0.16002524702706894,0.8949899968759003
11.937499999999998,-7.280936241149902,10.12586498260498,0.6277530193328857,-0.27640214173848204,-0.16520627643556354,0.8921564717828258
11.958333333333334,-7.517056465148926,9.838062286376953,0.6020921468734741,-0.26815461555994613,-0.17033964970921395,0.8888430675437515
11.979166666666666,-7.762239933013916,9.521448135375977,0.5733540654182434,-0.25916296010295153,-0.17553205456950258,0.88489409986341
11.999999999999998,-8.002083778381348,9.170367240905762,0.5467279553413391,-0.24906839650754264,-0.18083109100011513,0.8809785862123725
12.020833333333334,-8.239887237548828,8.821769714355469,0.5219658613204956,-0.2390516130323679,-0.18608056361490183,0.8770965098590804
12.041666666666666,-8.475947380065918,8.476144790649414,0.4989990293979645,-0.22911269509002866,-0.19128057227869305,0.8732478497957702
12.062499999999998,-8.72454833984375,8.124759674072266,0.47562265396118164,-0.21925171609151717,-0.19643122194796478,0.8686375315860494
12.083333333333334,-8.979265213012695,7.776162147521973,0.4529370367527008,-0.20946873763338322,-0.20169452914310973,0.8638963189429624
12.104166666666666,-9.242108345031738,7.424522876739502,0.4294988512992859,-0.19941124951816913,-0.20730890230060117,0.8591964676995223
12.124999999999998,-9.488231658935547,7.072242259979248,0.4094456434249878,-0.18933255611202324,-0.21261440318316593,0.8548282050211031
12.145833333333334,-9.697920799255371,6.695556163787842,0.39538171887397766,-0.17869177260262364,-0.21701811193048093,0.850594904791361
12.166666666666666,-9.899155616760254,6.312916278839111,0.38378220796585083,-0.16789682129081074,-0.22123543557260833,0.8463996181735604
12.187499999999998,-10.098320960998535,5.933750629425049,0.37381306290626526,-0.15719115100427558,-0.22540982543436314,0.8422786024589732
12.208333333333334,-10.291951179504395,5.556619644165039,0.36532315611839294,-0.14645446177876048,-0.22954141877477008,0.8383762081046271
12.229166666666666,-10.47919750213623,5.1631975173950195,0.3561609089374542,-0.1350871596044926,-0.2336303564226948,0.83450984619319
12.249999999999998,-10.665714263916016,4.772317409515381,0.3483579456806183,-0.1238160697221723,-0.23767678269902417,0.8306794509377206
12.270833333333334,-10.849550247192383,4.384657859802246,0.34071964025497437,-0.11264114541544866,-0.2416808453396596,0.8269345129601883
12.291666666666666,-11.004578590393066,4.004110336303711,0.3363429307937622,-0.10156232764614523,-0.24512926600401758,0.823875714841265
12.312499999999998,-11.145160675048828,3.625084400177002,0.3340279161930084,-0.09067222436561231,-0.248132890031349,0.8208468385970716
12.333333333333334,-11.280738830566406,3.2500925064086914,0.33298003673553467,-0.07995768454388008,-0.25098442678376365,0.8178551743380188
12.354166666666666,-11.403255462646484,2.8927536010742188,0.33365750312805176,-0.06933756295885024,-0.25380277223858794,0.8158872059166962
12.374999999999998,-11.524276733398438,2.5335588455200195,0.33523204922676086,-0.05861587075397527,-0.2565881720261873,0.8139494031606401
12.395833333333334,-11.64470100402832,2.1721222400665283,0.33757561445236206,-0.04776329501566149,-0.25937439779827987,0.8120327875901274
12.416666666666666,-11.765335083007812,1.8142873048782349,0.34066393971443176,-0.03700830163249494,-0.26217058402805316,0.8101372719532408
12.437499999999998,-11.885991096496582,1.4593788385391235,0.3446192741394043,-0.026350751128418393,-0.2649336805396483,0.8082627675596935
12.458333333333334,-12.007410049438477,1.1198899745941162,0.34970715641975403,-0.016239745824196045,-0.2676638549406535,0.8064091843165252
12.479166666666666,-12.121896743774414,0.7962750196456909,0.3553858697414398,-0.006284012856811932,-0.2704386799547525,0.8052509460300787
12.499999999999998,-12.224044799804688,0.4944262206554413,0.36184531450271606,0.003579011450271693,-0.2733282573494464,0.8053973588188547
12.520833333333334,-12.325260162353516,0.1951938271522522,0.36852210760116577,0.013349507903541568,-0.276183551044378,0.805548078854569
12.541666666666666,-12.428642272949219,-0.07200003415346146,0.3749385476112366,0.021949639989752193,-0.2790047357162105,0.8057030148460579
12.562499999999998,-12.530099868774414,-0.3278867304325104,0.3816874027252197,0.030168192937861885,-0.28179198781424747,0.8058620764283346
12.583333333333334,-12.62948989868164,-0.5784350633621216,0.3884439170360565,0.03830626467685203,-0.28454548550729625,0.8061069257157571
12.604166666666666,-12.72084903717041,-0.8442198634147644,0.3950815796852112,0.047111297833591255,-0.287221323455346,0.8066395347939388
12.624999999999998,-12.806046485900879,-1.1174530982971191,0.39994022250175476,0.05613328102626125,-0.2896868635398462,0.8070975539464159
12.645833333333334,-12.865034103393555,-1.393483281135559,0.40372300148010254,0.06506671294324287,-0.2912399149540397,0.8071919668012059
12.666666666666666,-12.906481742858887,-1.6700140237808228,0.407434344291687,0.07391183261297099,-0.29232208963974243,0.8072360178650987
12.687499999999998,-12.947300910949707,-1.943997859954834,0.4113554358482361,0.08266888715718568,-0.29338431065706927,0.8072847453717509
12.708333333333334,-12.987876892089844,-2.2140798568725586,0.41516920924186707,0.091338131624322,-0.29442676128885725,0.8073380658465815
12.729166666666666,-13.000957489013672,-2.4830822944641113,0.41758060455322266,0.0998854776343173,-0.2946593381454709,0.8073958965614306
12.749999999999998,-12.993331909179688,-2.7361199855804443,0.41467970609664917,0.10775233946144129,-0.2942768324389728,0.8074581555335568
12.770833333333334,-12.987223625183105,-2.9875872135162354,0.4082004725933075,0.11553742453637814,-0.29388668586435795,0.8075247615245515
12.791666666666666,-12.981585502624512,-3.235811948776245,0.40144556760787964,0.12324101688318051,-0.29349206726414273,0.8075697068264807
12.812499999999998,-13.038275718688965,-3.4746861457824707,0.39833176136016846,0.13086340695165632,-0.29486765812671833,0.8075926598532871
12.833333333333334,-13.082656860351562,-3.6972250938415527,0.39482665061950684,0.13840489147225246,-0.2962559321656022,0.8086541750906322
12.854166666666666,-13.127617835998535,-3.875398635864258,0.39051690697669983,0.14448886429301547,-0.29762217365582666,0.80975614043973
12.874999999999998,-13.190347671508789,-4.045904636383057,0.38620924949645996,0.15040788338183397,-0.2995437682174678,0.8108535226716729
12.895833333333334,-13.281842231750488,-4.180421829223633,0.3840992748737335,0.1552954030694184,-0.302306529625877,0.8119976263465969
12.916666666666666,-13.374384880065918,-4.26973819732666,0.38218551874160767,0.15881974213637984,-0.3050357696593389,0.8132220332596166
12.937499999999998,-13.466320037841797,-4.35198450088501,0.3801034092903137,0.16210836422399255,-0.30773166762635146,0.8144405022610415
12.958333333333334,-13.486763000488281,-4.438202857971191,0.3726227581501007,0.16535063255972282,-0.3083276308597393,0.8156529650626643
12.979166666666666,-13.49567985534668,-4.525516033172607,0.3639417290687561,0.16854686747631076,-0.308439043722762,0.8166929703542136
12.999999999999998,-13.509135246276855,-4.61454963684082,0.35474056005477905,0.17169739030897485,-0.308538748609807,0.8172989561292808
13.020833333333334,-13.538006782531738,-4.701923370361328,0.3451250195503235,0.17480252333520171,-0.30906060396695106,0.8179036966756551
13.041666666666666,-13.61823558807373,-4.772686004638672,0.3398074209690094,0.17752739196655412,-0.3110093142844464,0.8185071301371739
13.062499999999998,-13.698650360107422,-4.7959465980529785,0.3346012234687805,0.17892758953992335,-0.3129312495215165,0.8191091958519949
13.083333333333334,-13.778033256530762,-4.778016090393066,0.3269995152950287,0.17920242985715717,-0.31482658802409097,0.81970983434123
13.104166666666666,-13.855606079101562,-4.740452289581299,0.3181019723415375,0.17892013984213034,-0.31669550882793485,0.8203823273098222
13.124999999999998,-13.924270629882812,-4.703010082244873,0.30843284726142883,0.17862108884671593,-0.31847971811592807,0.8215226572676948
13.145833333333334,-13.982315063476562,-4.6601667404174805,0.29759669303894043,0.1781462445505189,-0.3197695997863965,0.8221743162851801
13.166666666666666,-14.042752265930176,-4.552995681762695,0.2844381630420685,0.17598070174774333,-0.3210379899821343,0.8225014354927531
13.187499999999998,-14.108469009399414,-4.446712970733643,0.271381676197052,0.17381460247991012,-0.322420470736535,0.8228290253618676
13.208333333333334,-14.177908897399902,-4.341769218444824,0.25847354531288147,0.17164825074053752,-0.3238907980743769,0.823157033567156
13.229166666666666,-14.251835823059082,-4.236171245574951,0.2457730919122696,0.16947146590453696,-0.32533813332252287,0.8231064420866653
13.249999999999998,-14.32752513885498,-4.0321807861328125,0.2329978048801422,0.16470079962910605,-0.32676265726864046,0.8226856721541389
13.270833333333334,-14.409110069274902,-3.8298850059509277,0.21959593892097473,0.15991705353102226,-0.32834055186328026,0.8222714279089194
13.291666666666666,-14.498031616210938,-3.6305108070373535,0.2063227742910385,0.15515617781005941,-0.33010490083481914,0.821863658509838
13.312499999999998,-14.591050148010254,-3.4288899898529053,0.19302445650100708,0.15041844471819127,-0.3318437680812592,0.8211923669770107
13.333333333333334,-14.682867050170898,-3.2274909019470215,0.17975710332393646,0.14570411888362444,-0.3335573356158788,0.8205058397372479
13.354166666666666,-14.790618896484375,-3.0283944606781006,0.16655172407627106,0.14101345740004362,-0.3357505534992524,0.8198280779108451
13.374999999999998,-14.88808536529541,-2.7691142559051514,0.15242400765419006,0.13427402153607498,-0.33798942122597025,0.8196544657647364
13.395833333333334,-14.968575477600098,-2.4872918128967285,0.138003870844841,0.1262968479636304,-0.34019871809194774,0.8204670117485917
13.416666666666666,-15.044414520263672,-2.1534814834594727,0.12450651079416275,0.11637096237384464,-0.3423786292670348,0.821275881666927
13.437499999999998,-15.119678497314453,-1.8220826387405396,0.11038000881671906,0.10651420855124052,-0.34452934087842013,0.8220810258202793
13.458333333333334,-15.195833206176758,-1.491540789604187,0.09582402557134628,0.09672679224567848,-0.3466510399695691,0.8227221439131435
13.479166666666666,-15.26479434967041,-1.1565196514129639,0.08346854150295258,0.08680623900985655,-0.3485068096276235,0.8233077183505986
13.499999999999998,-15.32812213897705,-0.8053924441337585,0.0712432861328125,0.07621797815018717,-0.35023702196110396,0.8238911998056944
13.520833333333334,-15.38925552368164,-0.4557723104953766,0.05841219425201416,0.06570742909491312,-0.35189926244486935,0.824426818613246
13.541666666666666,-15.449209213256836,-0.10608194023370743,0.04518146067857742,0.055274745603620515,-0.35353639252966645,0.8247326840351823
13.562499999999998,-15.506034851074219,0.2720143496990204,0.03153132274746895,0.04332150950306128,-0.35514860197585457,0.82503860079211
13.583333333333334,-15.560694694519043,0.6652849316596985,0.0174536295235157,0.03052674467249603,-0.35673608081791897,0.8253445263990967
13.604166666666666,-15.614917755126953,1.0557876825332642,0.004270833916962147,0.01783128296958673,-0.35829901933409464,0.8256504190681004
13.624999999999998,-15.669177055358887,1.446678638458252,-0.008674689568579197,0.0051164794388104855,-0.35983760801646364,0.825951540762851
13.645833333333334,-15.719293594360352,1.8749090433120728,-0.02085943892598152,-0.009922690013018959,-0.3613256914400885,0.8261566666448215
13.666666666666666,-15.73983383178711,2.3051748275756836,-0.032302867621183395,-0.02484115536496597,-0.3616862389495671,0.8263624752621109
13.687499999999998,-15.763997077941895,2.7392826080322266,-0.04414822906255722,-0.03963886928901362,-0.36203161739620704,0.826056803190063
13.708333333333334,-15.792531967163086,3.1687817573547363,-0.05649828165769577,-0.05370763201448975,-0.3623628144230234,0.8252176807684031
13.729166666666666,-15.8213472366333,3.584770917892456,-0.06914352625608444,-0.06695678451319262,-0.3626800179723401,0.8243878616553778
13.749999999999998,-15.84994125366211,3.995687246322632,-0.08148358762264252,-0.08009605822445733,-0.3629834148030626,0.8235673059367672
13.770833333333334,-15.879579544067383,4.404665470123291,-0.09410535544157028,-0.09312547012602394,-0.36327319048469664,0.8226630125023675
13.791666666666666,-15.899528503417969,4.824682235717773,-0.10403446108102798,-0.10668178806463774,-0.363204943115134,0.8216241789981286
13.812499999999998,-15.902549743652344,5.245445251464844,-0.11226172000169754,-0.12021072660738753,-0.3625331464373079,0.8205964605567071
13.833333333333334,-15.89510440826416,5.6637468338012695,-0.11924398690462112,-0.1336239166397574,-0.3614747688850864,0.8195798144317006
13.854166666666666,-15.881370544433594,6.06927490234375,-0.12544861435890198,-0.1469214343040016,-0.3603369673396052,0.8192108985095766
13.874999999999998,-15.866338729858398,6.469189643859863,-0.13146573305130005,-0.1601033702366546,-0.35919806472828264,0.8189998025606949
13.895833333333334,-15.852948188781738,6.847036361694336,-0.13703052699565887,-0.17214615435188585,-0.3581069978860092,0.8187930855814259
13.916666666666666,-15.844730377197266,7.215149402618408,-0.14279334247112274,-0.18375750891613718,-0.35716321282180064,0.8185907037561572
13.937499999999998,-15.840071678161621,7.573091506958008,-0.14797407388687134,-0.19489373406988186,-0.356217197636872,0.8183926133991384
13.958333333333334,-15.836556434631348,7.898521900177002,-0.15193714201450348,-0.20443687592191018,-0.3552691177473501,0.8181987709582985
13.979166666666666,-15.871888160705566,8.216897010803223,-0.1597793996334076,-0.21389180172943706,-0.35546726206821855,0.8176273146028948
13.999999999999998,-15.926743507385254,8.532470703125,-0.17063279449939728,-0.22325867402869587,-0.35623659717713657,0.8168669317664913
14.020833333333334,-15.984086036682129,8.83941650390625,-0.1817084550857544,-0.232266041445246,-0.35698995616858825,0.8160979068309258
14.041666666666666,-16.045019149780273,9.083632469177246,-0.19131076335906982,-0.23881941864390263,-0.3577274990101737,0.8153379095359962
14.062499999999998,-16.087928771972656,9.326737403869629,-0.19769082963466644,-0.2453072453021922,-0.3579171985573303,0.8145868949929561
14.083333333333334,-16.115468978881836,9.569860458374023,-0.20184090733528137,-0.2517297154049254,-0.35769026521773256,0.8138448178279236
14.104166666666666,-16.144283294677734,9.786226272583008,-0.20617885887622833,-0.2572506495553174,-0.3574557919419039,0.813111632196018
14.124999999999998,-16.173357009887695,9.977494239807129,-0.21060647070407867,-0.261940099624858,-0.357213934540201,0.8123872917953573
14.145833333333334,-16.202367782592773,10.163936614990234,-0.2142409384250641,-0.26657819821310585,-0.35696484726787,0.8116717498808603
14.166666666666666,-16.22134017944336,10.3340482711792,-0.21552389860153198,-0.2711651577749903,-0.3567086828296014,0.8116825990638917
14.187499999999998,-16.22612190246582,10.503409385681152,-0.21456359326839447,-0.27570119423550377,-0.3560806744183942,0.8117271271606962
14.208333333333334,-16.22991180419922,10.667495727539062,-0.21263885498046875,-0.2801865269032916,-0.3554234523997786,0.8117740855752764
14.229166666666666,-16.239376068115234,10.813682556152344,-0.21216680109500885,-0.28416047989894444,-0.3549948670300497,0.8118234279814426
14.249999999999998,-16.2465877532959,10.933524131774902,-0.2119869589805603,-0.28732138498294696,-0.3545906989071893,0.8118751084897172
14.270833333333334,-16.25434112548828,11.01244068145752,-0.21187669038772583,-0.2893247128119762,-0.35418126252442445,0.8119290816464013
14.291666666666666,-16.2626953125,11.081942558288574,-0.21140433847904205,-0.291083350062723,-0.35376670018049006,0.8119230320126886
14.312499999999998,-16.257204055786133,11.153570175170898,-0.20846349000930786,-0.2928137099027413,-0.35294593831171317,0.8117767148709724
14.333333333333334,-16.242366790771484,11.218807220458984,-0.20378637313842773,-0.2945160214416126,-0.3520177748559081,0.8121622903764691
14.354166666666666,-16.225914001464844,11.281303405761719,-0.1988212764263153,-0.29619051384219136,-0.35108911990903807,0.812707486706634
14.374999999999998,-16.212343215942383,11.342430114746094,-0.19436119496822357,-0.29783741628853305,-0.35024265663621656,0.8132507374477079
14.395833333333334,-16.209428787231445,11.400128364562988,-0.1918766349554062,-0.2994569579543471,-0.3497111746939003,0.8139475049087084
14.416666666666666,-16.199583053588867,11.376352310180664,-0.18793441355228424,-0.29901189990683325,-0.349176284191726,0.8153346488351834
14.437499999999998,-16.18964195251465,11.31693172454834,-0.18413253128528595,-0.29755975483354863,-0.3486381139471277,0.8167126607933315
14.458333333333334,-16.189424514770508,11.257308006286621,-0.18221603333950043,-0.2961061742321919,-0.3483502269444929,0.8180815032623738
14.479166666666666,-16.18782615661621,11.196022033691406,-0.1801317185163498,-0.2946513795516331,-0.3482102608794399,0.8200636338162695
14.499999999999998,-16.181379318237305,11.1339750289917,-0.17718037962913513,-0.29319558876720453,-0.34806401080473354,0.8224472202166876
14.520833333333334,-16.17462158203125,11.072673797607422,-0.17393799126148224,-0.29173901640811234,-0.3479021106707814,0.8248128996583576
14.541666666666666,-16.160411834716797,11.011549949645996,-0.16918522119522095,-0.2902601692494667,-0.347498236256715,0.8271606443675548
14.562499999999998,-16.14518928527832,10.906768798828125,-0.16427990794181824,-0.28752605571252016,-0.34709048582209623,0.8295512256273891
14.583333333333334,-16.130386352539062,10.789443016052246,-0.15954414010047913,-0.2844114347190474,-0.34667897855922686,0.8319832625406643
14.604166666666666,-16.112773895263672,10.658916473388672,-0.15427976846694946,-0.2808896893383813,-0.34616666520973977,0.8343962944135345
14.624999999999998,-16.0914363861084,10.529749870300293,-0.14834846556186676,-0.27738555217812955,-0.3455354969767832,0.836790305070061
14.645833333333334,-16.070127487182617,10.401839256286621,-0.14247305691242218,-0.27389921088697167,-0.3449026949501113,0.8391652811892669
14.666666666666666,-16.048973083496094,10.270856857299805,-0.1381755918264389,-0.27026877508366126,-0.34426837211235306,0.8415212122600535
14.687499999999998,-16.02789878845215,10.143183708190918,-0.13450370728969574,-0.2666388053757652,-0.34363263979664815,0.844040368591343
14.708333333333334,-16.014984130859375,10.016736030578613,-0.13226428627967834,-0.2630286678815635,-0.34322060309490565,0.846565956146696
14.729166666666666,-16.005701065063477,9.897988319396973,-0.13117389380931854,-0.25962525908303496,-0.3428461347833442,0.8487162832446234
14.749999999999998,-15.997758865356445,9.794722557067871,-0.13081197440624237,-0.25665339928371306,-0.3424683721405815,0.8507725796347558
14.770833333333334,-15.994819641113281,9.69241714477539,-0.13131818175315857,-0.2536968643088263,-0.3422400178598001,0.8528116612776832
14.791666666666666,-16.00587272644043,9.591090202331543,-0.1342451274394989,-0.25075580478762927,-0.3424342642735866,0.8548335334819305
14.812499999999998,-16.01949119567871,9.491636276245117,-0.13797232508659363,-0.24781217867925612,-0.34262070872089445,0.8565718274211109
14.833333333333334,-16.03177261352539,9.39166259765625,-0.14222335815429688,-0.24481813709634334,-0.34272406561939883,0.858195277385978
14.854166666666666,-16.033164978027344,9.294733047485352,-0.14543969929218292,-0.24184069856683074,-0.3425014246522735,0.8598045931506084
14.874999999999998,-16.035537719726562,9.198765754699707,-0.14865456521511078,-0.23887999556185024,-0.3422745688388799,0.8614107236109365
14.895833333333334,-16.036392211914062,9.103754997253418,-0.15170864760875702,-0.23593615609776833,-0.3420435983156381,0.8630681906591559
14.916666666666666,-16.037296295166016,9.01111125946045,-0.15544360876083374,-0.23300930379195992,-0.3418086121336477,0.8647109321168445
14.937499999999998,-16.03822135925293,8.917981147766113,-0.15945598483085632,-0.2300291054357911,-0.34156970826303973,0.8663389663411379
